id,name,age,city,country,department,salary,email,score
0.0,ali,25.0,lyon,france,finance,2200.0,unknown,50.0
unknown,sara,29.0,marseille,france,it,2000.0,test@yahoo.com,90.0
2.0,omar,23.0,unknown,unknown,unknown,4000.0,test@yahoo.com,100.0
3.0,mohamed,25.0,paris,unknown,sales,3500.0,contact@outlook.com,40.0
490.0,sara,21.0,marseille,france,it,3500.0,unknown,50.0
unknown,nadia,28.0,paris,fra,sales,3000.0,contact@outlook.com,50.0
7.0,karim,24.0,lille,unknown,it,2200.0,contact@outlook.com,40.0
343.0,sara,30.0,unknown,france,hr,3000.0,unknown,30.0
412.0,karim,24.0,paris,france,it,2500.0,unknown,70.0
unknown,karim,29.0,marseille,fr,finance,2200.0,unknown,20.0
32.0,karim,29.0,lille,unknown,marketing,3000.0,user@gmail.com,50.0
unknown,unknown,28.0,lyon,unknown,it,2000.0,contact@outlook.com,30.0
16.0,sara,25.0,lyon,unknown,hr,3000.0,user@gmail.com,50.0
unknown,unknown,20.0,unknown,fr,unknown,1800.0,user@gmail.com,50.0
unknown,mohamed,22.0,paris,unknown,unknown,3000.0,test@yahoo.com,90.0
332.0,nadia,28.0,lille,france,finance,2500.0,user@gmail.com,10.0
24.0,unknown,25.0,paris,unknown,finance,3000.0,unknown,40.0
26.0,sara,30.0,marseille,fr,sales,4000.0,invalid-email,50.0
28.0,fatima,28.0,lille,france,sales,2200.0,contact@outlook.com,40.0
unknown,mohamed,28.0,unknown,unknown,unknown,2200.0,test@yahoo.com,40.0
33.0,amina,25.0,lille,france,it,1800.0,user@gmail.com,80.0
unknown,mohamed,20.0,lille,france,hr,2000.0,unknown,50.0
unknown,omar,25.0,lyon,france,it,2500.0,contact@outlook.com,30.0
unknown,fatima,28.0,lyon,france,it,2000.0,test@yahoo.com,50.0
80.0,unknown,28.0,lyon,unknown,unknown,1800.0,unknown,90.0
unknown,fatima,25.0,marseille,france,marketing,3000.0,invalid-email,10.0
unknown,karim,25.0,lyon,france,it,3500.0,test@yahoo.com,50.0
unknown,nadia,28.0,marseille,unknown,it,2000.0,user@gmail.com,30.0
44.0,unknown,25.0,,unknown,hr,4000.0,test@yahoo.com,50.0
unknown,unknown,25.0,marseille,unknown,finance,3000.0,test@yahoo.com,50.0
49.0,fatima,20.0,unknown,france,sales,3500.0,contact@outlook.com,20.0
495.0,lina,30.0,lille,fra,unknown,3500.0,user@gmail.com,50.0
unknown,youssef,20.0,paris,unknown,sales,3500.0,unknown,60.0
unknown,omar,21.0,marseille,unknown,finance,3000.0,user@gmail.com,70.0
unknown,unknown,25.0,lille,unknown,finance,3500.0,invalid-email,50.0
471.0,amina,25.0,unknown,france,marketing,3000.0,contact@outlook.com,70.0
167.0,sara,24.0,lille,france,finance,4000.0,unknown,50.0
56.0,amina,29.0,lyon,fra,unknown,1800.0,contact@outlook.com,40.0
59.0,ali,24.0,lyon,france,hr,1800.0,user@gmail.com,80.0
61.0,mohamed,30.0,paris,france,sales,2500.0,test@yahoo.com,50.0
265.0,ali,28.0,lyon,france,unknown,2200.0,invalid-email,90.0
unknown,lina,25.0,lille,unknown,unknown,4000.0,unknown,30.0
122.0,nadia,21.0,lyon,france,marketing,3500.0,contact@outlook.com,20.0
66.0,fatima,26.0,paris,unknown,finance,2000.0,invalid-email,60.0
unknown,sara,28.0,unknown,france,unknown,2500.0,contact@outlook.com,80.0
72.0,youssef,26.0,marseille,france,unknown,3500.0,contact@outlook.com,70.0
unknown,sara,25.0,unknown,france,it,2500.0,test@yahoo.com,10.0
77.0,unknown,24.0,,unknown,sales,4000.0,unknown,20.0
331.0,ali,25.0,marseille,fra,sales,4000.0,contact@outlook.com,80.0
238.0,unknown,25.0,unknown,fr,it,2500.0,user@gmail.com,80.0
124.0,amina,29.0,unknown,fra,it,1800.0,invalid-email,60.0
353.0,ali,25.0,lille,fra,it,2000.0,contact@outlook.com,70.0
87.0,youssef,30.0,unknown,fr,unknown,3000.0,unknown,70.0
unknown,lina,25.0,lille,fr,marketing,3000.0,test@yahoo.com,50.0
98.0,sara,25.0,lille,unknown,hr,2500.0,test@yahoo.com,80.0
unknown,amina,25.0,lille,unknown,marketing,2000.0,test@yahoo.com,40.0
91.0,youssef,20.0,lille,france,marketing,1800.0,user@gmail.com,50.0
225.0,mohamed,20.0,lyon,fra,sales,2000.0,invalid-email,20.0
unknown,ali,20.0,paris,france,marketing,2000.0,test@yahoo.com,90.0
391.0,amina,29.0,unknown,france,unknown,4000.0,invalid-email,50.0
unknown,fatima,24.0,unknown,france,hr,2500.0,test@yahoo.com,20.0
98.0,karim,27.0,,fra,marketing,1800.0,test@yahoo.com,50.0
unknown,unknown,27.0,paris,unknown,finance,3000.0,unknown,50.0
100.0,karim,21.0,lille,france,hr,3000.0,test@yahoo.com,10.0
84.0,amina,25.0,unknown,fr,unknown,2000.0,invalid-email,50.0
358.0,youssef,28.0,lille,fra,unknown,2000.0,unknown,70.0
469.0,mohamed,29.0,marseille,unknown,unknown,2000.0,invalid-email,70.0
483.0,unknown,25.0,lille,france,unknown,2000.0,contact@outlook.com,60.0
110.0,unknown,24.0,lille,unknown,unknown,2000.0,user@gmail.com,100.0
111.0,sara,22.0,lyon,unknown,it,3000.0,invalid-email,40.0
139.0,unknown,27.0,lille,france,unknown,3000.0,test@yahoo.com,40.0
116.0,nadia,28.0,lille,fr,it,3000.0,unknown,80.0
477.0,unknown,23.0,lyon,unknown,sales,2500.0,invalid-email,60.0
unknown,lina,25.0,paris,fra,sales,3000.0,invalid-email,50.0
354.0,ali,21.0,marseille,unknown,unknown,4000.0,contact@outlook.com,50.0
454.0,unknown,28.0,paris,unknown,sales,2500.0,unknown,50.0
124.0,ali,25.0,paris,fr,it,3500.0,invalid-email,40.0
271.0,amina,30.0,paris,france,hr,2000.0,unknown,70.0
unknown,ali,25.0,lille,fr,unknown,2200.0,user@gmail.com,60.0
300.0,ali,26.0,lyon,fra,marketing,2500.0,invalid-email,80.0
403.0,ali,29.0,marseille,unknown,hr,2000.0,contact@outlook.com,50.0
134.0,fatima,22.0,lille,fr,unknown,3000.0,contact@outlook.com,30.0
131.0,mohamed,24.0,marseille,france,unknown,2000.0,test@yahoo.com,40.0
unknown,sara,30.0,marseille,unknown,it,2000.0,invalid-email,50.0
140.0,youssef,27.0,paris,france,finance,3000.0,test@yahoo.com,80.0
unknown,sara,25.0,lille,fra,hr,4000.0,unknown,80.0
unknown,lina,28.0,unknown,fr,it,4000.0,contact@outlook.com,20.0
485.0,sara,30.0,lyon,unknown,it,1800.0,contact@outlook.com,30.0
unknown,fatima,21.0,lille,france,finance,2500.0,contact@outlook.com,30.0
unknown,ali,24.0,paris,france,unknown,3000.0,test@yahoo.com,50.0
147.0,mohamed,20.0,marseille,france,it,1800.0,test@yahoo.com,10.0
465.0,sara,21.0,marseille,unknown,hr,2000.0,test@yahoo.com,100.0
unknown,omar,25.0,marseille,fra,unknown,3000.0,invalid-email,100.0
unknown,youssef,25.0,paris,unknown,unknown,2000.0,user@gmail.com,20.0
47.0,sara,25.0,marseille,france,unknown,1800.0,unknown,90.0
161.0,mohamed,24.0,lyon,fr,it,1800.0,test@yahoo.com,30.0
unknown,karim,21.0,paris,unknown,it,2000.0,unknown,40.0
338.0,nadia,29.0,lille,fra,marketing,2500.0,unknown,60.0
166.0,youssef,30.0,unknown,unknown,unknown,3000.0,unknown,10.0
112.0,amina,20.0,paris,france,marketing,2500.0,test@yahoo.com,50.0
148.0,sara,20.0,lille,unknown,sales,2200.0,test@yahoo.com,90.0
169.0,omar,28.0,unknown,fr,sales,4000.0,unknown,70.0
202.0,sara,25.0,lyon,fr,hr,2000.0,unknown,20.0
unknown,fatima,25.0,marseille,fr,hr,2500.0,user@gmail.com,50.0
34.0,nadia,30.0,lyon,fr,it,3500.0,unknown,50.0
unknown,nadia,28.0,paris,france,unknown,2000.0,contact@outlook.com,20.0
unknown,sara,30.0,marseille,france,sales,3000.0,unknown,50.0
405.0,unknown,22.0,unknown,unknown,unknown,2000.0,unknown,70.0
260.0,ali,25.0,lyon,france,finance,3500.0,invalid-email,40.0
unknown,mohamed,29.0,marseille,france,hr,2200.0,unknown,100.0
312.0,mohamed,25.0,lille,france,unknown,2500.0,contact@outlook.com,50.0
unknown,karim,22.0,lyon,unknown,hr,3000.0,user@gmail.com,80.0
447.0,omar,21.0,lille,france,marketing,2000.0,test@yahoo.com,80.0
27.0,omar,25.0,lyon,fra,sales,3500.0,test@yahoo.com,60.0
197.0,unknown,25.0,unknown,fr,hr,2200.0,user@gmail.com,80.0
198.0,mohamed,25.0,lille,fra,it,2000.0,user@gmail.com,40.0
199.0,omar,25.0,,unknown,sales,2000.0,contact@outlook.com,50.0
200.0,fatima,26.0,unknown,unknown,unknown,2000.0,user@gmail.com,80.0
499.0,sara,28.0,lille,unknown,unknown,3000.0,user@gmail.com,80.0
unknown,karim,25.0,lyon,unknown,it,3500.0,user@gmail.com,40.0
unknown,ali,21.0,,unknown,it,2200.0,user@gmail.com,90.0
unknown,mohamed,27.0,paris,fr,finance,1800.0,test@yahoo.com,60.0
477.0,omar,26.0,lille,fra,marketing,1800.0,unknown,50.0
214.0,sara,30.0,unknown,fra,it,3000.0,unknown,30.0
215.0,mohamed,25.0,unknown,unknown,unknown,1800.0,test@yahoo.com,40.0
485.0,lina,27.0,paris,unknown,hr,3000.0,contact@outlook.com,60.0
222.0,mohamed,22.0,lyon,fra,it,3500.0,unknown,60.0
unknown,mohamed,29.0,paris,france,marketing,4000.0,unknown,80.0
269.0,mohamed,26.0,unknown,france,hr,3500.0,unknown,80.0
226.0,unknown,21.0,lille,france,marketing,2200.0,test@yahoo.com,50.0
unknown,sara,29.0,marseille,unknown,it,1800.0,user@gmail.com,50.0
unknown,omar,24.0,unknown,fr,unknown,2500.0,unknown,50.0
233.0,lina,25.0,marseille,unknown,it,4000.0,test@yahoo.com,60.0
unknown,sara,25.0,lyon,fra,sales,3000.0,invalid-email,30.0
235.0,youssef,26.0,unknown,fra,finance,2200.0,contact@outlook.com,50.0
46.0,omar,27.0,lyon,france,it,1800.0,user@gmail.com,80.0
unknown,ali,27.0,lyon,unknown,it,2000.0,invalid-email,50.0
372.0,mohamed,26.0,marseille,france,sales,1800.0,unknown,40.0
242.0,fatima,29.0,lille,fra,unknown,1800.0,user@gmail.com,30.0
272.0,sara,29.0,lyon,fra,it,3500.0,contact@outlook.com,20.0
unknown,youssef,25.0,unknown,france,unknown,3000.0,unknown,50.0
unknown,fatima,25.0,paris,unknown,unknown,2200.0,unknown,50.0
9.0,lina,26.0,paris,fra,finance,4000.0,unknown,100.0
471.0,unknown,25.0,paris,unknown,hr,3000.0,test@yahoo.com,60.0
339.0,omar,26.0,marseille,france,unknown,3000.0,contact@outlook.com,60.0
unknown,ali,30.0,lyon,unknown,unknown,2500.0,test@yahoo.com,90.0
458.0,unknown,25.0,paris,fr,it,3000.0,unknown,60.0
473.0,ali,24.0,lille,france,finance,3000.0,contact@outlook.com,50.0
257.0,sara,29.0,unknown,france,finance,1800.0,unknown,40.0
258.0,ali,21.0,marseille,fr,unknown,2000.0,unknown,30.0
unknown,unknown,20.0,paris,fra,hr,1800.0,invalid-email,80.0
145.0,ali,28.0,lille,fra,hr,3000.0,invalid-email,40.0
172.0,amina,30.0,lyon,france,sales,4000.0,unknown,20.0
unknown,sara,22.0,paris,fra,it,2500.0,user@gmail.com,70.0
120.0,mohamed,24.0,marseille,fr,it,3000.0,unknown,50.0
268.0,ali,21.0,lille,fr,hr,4000.0,unknown,50.0
unknown,unknown,23.0,lyon,unknown,sales,3000.0,invalid-email,50.0
272.0,unknown,29.0,paris,france,unknown,3000.0,test@yahoo.com,90.0
274.0,unknown,28.0,lille,france,unknown,2200.0,unknown,80.0
275.0,omar,27.0,unknown,fr,it,4000.0,contact@outlook.com,10.0
277.0,unknown,27.0,paris,fr,sales,2200.0,test@yahoo.com,50.0
unknown,ali,26.0,marseille,fra,unknown,4000.0,invalid-email,50.0
unknown,unknown,28.0,paris,unknown,it,2000.0,test@yahoo.com,70.0
unknown,karim,25.0,lyon,france,unknown,3500.0,test@yahoo.com,40.0
283.0,amina,20.0,lille,unknown,it,2500.0,unknown,70.0
284.0,omar,23.0,paris,france,unknown,3000.0,test@yahoo.com,50.0
294.0,amina,29.0,unknown,fr,finance,3000.0,test@yahoo.com,90.0
287.0,lina,30.0,unknown,fra,unknown,3500.0,unknown,70.0
76.0,karim,22.0,lille,fra,finance,2500.0,contact@outlook.com,50.0
73.0,unknown,20.0,lille,fra,sales,3000.0,unknown,70.0
124.0,fatima,25.0,unknown,france,unknown,3500.0,user@gmail.com,50.0
291.0,ali,24.0,marseille,unknown,it,2000.0,test@yahoo.com,50.0
unknown,ali,28.0,lyon,fra,finance,3500.0,contact@outlook.com,40.0
293.0,sara,21.0,lille,france,finance,4000.0,test@yahoo.com,60.0
397.0,karim,27.0,lille,unknown,it,3000.0,contact@outlook.com,90.0
451.0,nadia,21.0,lille,fr,finance,3500.0,contact@outlook.com,10.0
299.0,mohamed,25.0,lille,fra,hr,3000.0,unknown,90.0
300.0,unknown,30.0,paris,france,sales,2200.0,unknown,20.0
301.0,ali,23.0,lille,fra,it,1800.0,unknown,50.0
unknown,unknown,27.0,unknown,fra,it,1800.0,unknown,70.0
303.0,omar,25.0,lyon,unknown,marketing,1800.0,unknown,50.0
345.0,mohamed,22.0,paris,france,unknown,2200.0,test@yahoo.com,100.0
269.0,unknown,25.0,lyon,fra,sales,3500.0,invalid-email,100.0
unknown,fatima,24.0,unknown,france,it,2000.0,invalid-email,70.0
282.0,ali,30.0,paris,unknown,hr,2000.0,invalid-email,70.0
330.0,amina,25.0,paris,unknown,it,2500.0,test@yahoo.com,50.0
unknown,nadia,24.0,paris,france,marketing,3000.0,unknown,10.0
91.0,ali,23.0,unknown,france,sales,2000.0,contact@outlook.com,100.0
unknown,unknown,25.0,marseille,unknown,,3500.0,invalid-email,50.0
unknown,sara,21.0,lille,unknown,it,1800.0,user@gmail.com,40.0
139.0,nadia,23.0,marseille,unknown,sales,4000.0,test@yahoo.com,100.0
78.0,sara,25.0,unknown,france,sales,3500.0,contact@outlook.com,20.0
2.0,nadia,25.0,lyon,france,hr,2000.0,test@yahoo.com,80.0
unknown,omar,26.0,paris,france,sales,3500.0,unknown,100.0
306.0,unknown,26.0,paris,fr,sales,4000.0,user@gmail.com,90.0
320.0,amina,28.0,paris,unknown,sales,2200.0,test@yahoo.com,50.0
137.0,mohamed,21.0,paris,fra,marketing,4000.0,contact@outlook.com,50.0
495.0,youssef,25.0,unknown,fra,finance,3500.0,invalid-email,50.0
201.0,sara,29.0,lyon,unknown,unknown,2200.0,unknown,90.0
407.0,ali,27.0,paris,unknown,marketing,2500.0,contact@outlook.com,30.0
204.0,mohamed,26.0,paris,france,sales,3000.0,test@yahoo.com,50.0
unknown,amina,25.0,unknown,france,unknown,3500.0,invalid-email,50.0
335.0,sara,25.0,paris,fr,marketing,3500.0,invalid-email,40.0
266.0,lina,27.0,paris,fra,unknown,3500.0,user@gmail.com,10.0
339.0,mohamed,30.0,unknown,fra,sales,1800.0,unknown,40.0
unknown,karim,26.0,paris,unknown,finance,2500.0,contact@outlook.com,50.0
341.0,amina,21.0,lille,france,it,3500.0,test@yahoo.com,20.0
unknown,amina,21.0,unknown,france,it,2000.0,test@yahoo.com,20.0
346.0,nadia,30.0,lille,unknown,hr,3000.0,test@yahoo.com,50.0
347.0,lina,25.0,lille,unknown,it,3500.0,user@gmail.com,30.0
350.0,omar,24.0,paris,fra,unknown,3000.0,unknown,100.0
111.0,sara,25.0,unknown,france,marketing,1800.0,invalid-email,60.0
355.0,amina,25.0,lille,fr,unknown,2200.0,contact@outlook.com,50.0
unknown,youssef,25.0,lille,unknown,sales,2200.0,invalid-email,50.0
357.0,unknown,21.0,lille,fra,finance,4000.0,test@yahoo.com,50.0
363.0,sara,30.0,lille,france,sales,2200.0,invalid-email,10.0
490.0,fatima,25.0,paris,unknown,marketing,2200.0,contact@outlook.com,50.0
184.0,sara,25.0,unknown,unknown,hr,1800.0,invalid-email,50.0
367.0,mohamed,29.0,lyon,unknown,unknown,1800.0,user@gmail.com,60.0
368.0,unknown,26.0,paris,fra,sales,2500.0,invalid-email,50.0
369.0,sara,25.0,marseille,fr,hr,4000.0,test@yahoo.com,50.0
unknown,mohamed,26.0,unknown,unknown,unknown,2500.0,user@gmail.com,30.0
372.0,amina,25.0,marseille,fr,sales,3500.0,test@yahoo.com,50.0
376.0,lina,25.0,paris,fra,sales,3500.0,unknown,30.0
390.0,mohamed,21.0,paris,unknown,sales,1800.0,contact@outlook.com,10.0
379.0,ali,28.0,lille,unknown,hr,3000.0,user@gmail.com,20.0
unknown,sara,24.0,marseille,unknown,finance,1800.0,test@yahoo.com,70.0
59.0,amina,29.0,paris,fr,hr,2000.0,user@gmail.com,30.0
28.0,unknown,29.0,paris,fr,hr,3000.0,user@gmail.com,50.0
387.0,fatima,25.0,lille,france,it,1800.0,test@yahoo.com,80.0
389.0,lina,23.0,marseille,unknown,it,3000.0,user@gmail.com,60.0
unknown,ali,20.0,paris,france,unknown,1800.0,invalid-email,80.0
443.0,mohamed,25.0,lyon,fr,sales,3000.0,invalid-email,60.0
393.0,sara,28.0,lyon,france,it,4000.0,user@gmail.com,90.0
unknown,mohamed,30.0,marseille,france,it,4000.0,unknown,40.0
149.0,unknown,25.0,marseille,unknown,it,3500.0,invalid-email,40.0
399.0,mohamed,25.0,unknown,france,hr,2000.0,test@yahoo.com,80.0
160.0,sara,28.0,marseille,france,unknown,3000.0,invalid-email,20.0
401.0,mohamed,30.0,lyon,unknown,it,2500.0,contact@outlook.com,20.0
402.0,lina,26.0,lille,france,marketing,3000.0,test@yahoo.com,70.0
404.0,ali,20.0,lyon,france,finance,4000.0,contact@outlook.com,50.0
unknown,sara,29.0,unknown,fr,sales,1800.0,user@gmail.com,50.0
unknown,karim,27.0,paris,fra,sales,2200.0,contact@outlook.com,30.0
unknown,nadia,20.0,paris,fr,sales,2200.0,invalid-email,50.0
278.0,lina,29.0,lille,fr,sales,3000.0,test@yahoo.com,60.0
412.0,ali,25.0,lyon,france,unknown,3000.0,contact@outlook.com,100.0
413.0,sara,23.0,unknown,france,marketing,3000.0,unknown,50.0
414.0,amina,25.0,marseille,fr,hr,2200.0,test@yahoo.com,60.0
416.0,unknown,25.0,lille,unknown,marketing,2200.0,invalid-email,20.0
417.0,amina,23.0,paris,unknown,unknown,1800.0,contact@outlook.com,40.0
418.0,lina,25.0,paris,fr,it,1800.0,test@yahoo.com,50.0
419.0,mohamed,21.0,lille,fr,sales,3500.0,unknown,70.0
unknown,ali,25.0,,fra,it,2200.0,unknown,50.0
unknown,fatima,30.0,unknown,france,unknown,2200.0,contact@outlook.com,20.0
unknown,sara,25.0,lyon,france,it,1800.0,invalid-email,50.0
427.0,unknown,26.0,lille,fra,it,3000.0,invalid-email,80.0
429.0,lina,24.0,paris,france,it,2200.0,invalid-email,50.0
unknown,unknown,26.0,paris,france,sales,3500.0,test@yahoo.com,70.0
unknown,sara,25.0,lille,fr,marketing,3000.0,test@yahoo.com,10.0
unknown,omar,25.0,lille,france,it,3500.0,user@gmail.com,20.0
unknown,ali,29.0,lille,france,sales,1800.0,test@yahoo.com,50.0
unknown,omar,26.0,paris,fr,sales,3500.0,test@yahoo.com,10.0
134.0,nadia,24.0,lyon,fr,it,2200.0,unknown,20.0
unknown,lina,25.0,lille,fra,finance,3000.0,user@gmail.com,70.0
unknown,ali,28.0,unknown,unknown,hr,2000.0,invalid-email,30.0
441.0,mohamed,23.0,paris,france,sales,2000.0,unknown,40.0
284.0,omar,25.0,lyon,unknown,unknown,1800.0,unknown,100.0
267.0,sara,26.0,paris,france,sales,2000.0,unknown,20.0
402.0,unknown,28.0,marseille,fra,marketing,4000.0,unknown,100.0
447.0,karim,25.0,lyon,france,unknown,3000.0,contact@outlook.com,60.0
418.0,youssef,24.0,lille,unknown,sales,2500.0,test@yahoo.com,50.0
226.0,youssef,25.0,marseille,unknown,sales,2500.0,invalid-email,70.0
unknown,karim,22.0,lille,unknown,it,2200.0,test@yahoo.com,40.0
421.0,omar,26.0,unknown,france,it,2500.0,contact@outlook.com,100.0
454.0,unknown,27.0,unknown,unknown,it,3500.0,test@yahoo.com,50.0
unknown,sara,24.0,paris,fra,it,2200.0,unknown,40.0
311.0,sara,25.0,unknown,fr,sales,4000.0,contact@outlook.com,50.0
339.0,omar,30.0,unknown,unknown,marketing,3000.0,unknown,80.0
463.0,ali,27.0,lyon,fr,sales,4000.0,invalid-email,10.0
unknown,lina,28.0,lyon,france,unknown,2200.0,contact@outlook.com,80.0
unknown,unknown,24.0,marseille,fr,it,3000.0,unknown,80.0
unknown,karim,28.0,lyon,fra,it,2200.0,test@yahoo.com,60.0
471.0,lina,30.0,paris,france,unknown,3000.0,test@yahoo.com,50.0
206.0,nadia,26.0,paris,france,,2500.0,unknown,10.0
475.0,sara,25.0,lyon,france,sales,4000.0,unknown,50.0
172.0,unknown,30.0,paris,fr,unknown,3500.0,test@yahoo.com,50.0
481.0,omar,24.0,lille,unknown,hr,2500.0,unknown,50.0
4.0,karim,30.0,paris,unknown,unknown,3000.0,unknown,50.0
70.0,unknown,21.0,lille,unknown,sales,3000.0,user@gmail.com,20.0
484.0,amina,23.0,lyon,unknown,finance,3500.0,unknown,50.0
485.0,omar,27.0,lyon,unknown,unknown,3500.0,test@yahoo.com,10.0
486.0,unknown,21.0,unknown,unknown,unknown,2200.0,user@gmail.com,90.0
183.0,amina,24.0,paris,fr,it,2200.0,user@gmail.com,70.0
492.0,mohamed,25.0,paris,france,sales,4000.0,unknown,50.0
unknown,unknown,22.0,lille,fra,sales,4000.0,invalid-email,20.0
328.0,mohamed,25.0,lille,unknown,it,1800.0,unknown,90.0
434.0,unknown,27.0,paris,france,unknown,3500.0,test@yahoo.com,50.0
unknown,fatima,28.0,unknown,fra,sales,2500.0,user@gmail.com,80.0
unknown,nadia,21.0,lille,fra,it,2000.0,invalid-email,50.0
501.0,karim,26.0,paris,unknown,unknown,1800.0,user@gmail.com,100.0
174.0,unknown,30.0,lyon,unknown,,3500.0,unknown,10.0
476.0,fatima,27.0,lyon,unknown,it,2000.0,invalid-email,50.0
unknown,amina,21.0,lille,fra,,2200.0,invalid-email,90.0
unknown,unknown,22.0,paris,fra,it,3000.0,invalid-email,100.0
unknown,mohamed,23.0,lyon,fra,it,3000.0,invalid-email,30.0
70.0,amina,25.0,lille,fr,unknown,3500.0,unknown,90.0
146.0,mohamed,20.0,lille,france,it,4000.0,test@yahoo.com,50.0
517.0,youssef,25.0,paris,fr,marketing,2200.0,user@gmail.com,50.0
518.0,mohamed,28.0,paris,fr,unknown,2000.0,unknown,50.0
unknown,unknown,23.0,unknown,unknown,sales,2500.0,unknown,50.0
unknown,youssef,25.0,unknown,france,sales,4000.0,invalid-email,50.0
unknown,ali,20.0,lyon,france,unknown,2500.0,unknown,50.0
523.0,ali,21.0,paris,france,unknown,2000.0,invalid-email,70.0
unknown,youssef,22.0,paris,unknown,marketing,1800.0,contact@outlook.com,50.0
527.0,omar,21.0,lille,france,sales,3000.0,unknown,20.0
528.0,unknown,23.0,unknown,fr,it,3500.0,contact@outlook.com,50.0
unknown,amina,29.0,lyon,france,it,4000.0,user@gmail.com,50.0
22.0,unknown,30.0,lyon,fr,unknown,2000.0,user@gmail.com,50.0
unknown,lina,20.0,paris,france,it,2200.0,contact@outlook.com,20.0
474.0,karim,26.0,unknown,france,unknown,2200.0,unknown,30.0
382.0,mohamed,25.0,lille,fr,hr,3000.0,unknown,50.0
331.0,ali,28.0,lille,france,sales,1800.0,user@gmail.com,100.0
unknown,omar,21.0,lyon,france,it,2500.0,invalid-email,90.0
543.0,mohamed,23.0,unknown,fr,finance,2000.0,test@yahoo.com,50.0
544.0,unknown,25.0,lille,fra,unknown,2000.0,contact@outlook.com,20.0
545.0,fatima,25.0,unknown,fra,it,3500.0,test@yahoo.com,50.0
2.0,fatima,25.0,lyon,unknown,sales,3000.0,contact@outlook.com,50.0
550.0,ali,29.0,paris,fr,hr,3000.0,test@yahoo.com,50.0
296.0,mohamed,29.0,lyon,france,,3000.0,unknown,80.0
553.0,lina,26.0,lyon,unknown,marketing,2200.0,invalid-email,90.0
556.0,mohamed,27.0,lyon,france,marketing,3500.0,test@yahoo.com,50.0
unknown,karim,25.0,unknown,unknown,sales,3000.0,contact@outlook.com,40.0
561.0,fatima,21.0,lille,unknown,marketing,2500.0,test@yahoo.com,30.0
unknown,sara,25.0,paris,unknown,finance,4000.0,contact@outlook.com,20.0
564.0,amina,29.0,paris,france,,1800.0,unknown,10.0
566.0,fatima,27.0,unknown,fra,unknown,2200.0,test@yahoo.com,70.0
567.0,mohamed,29.0,paris,unknown,unknown,3000.0,test@yahoo.com,50.0
175.0,amina,29.0,paris,france,sales,4000.0,test@yahoo.com,10.0
unknown,amina,20.0,lille,unknown,sales,2000.0,invalid-email,30.0
unknown,omar,25.0,paris,unknown,sales,3000.0,invalid-email,10.0
573.0,karim,22.0,lyon,fra,finance,2000.0,contact@outlook.com,90.0
209.0,fatima,20.0,paris,unknown,unknown,2000.0,unknown,70.0
575.0,sara,25.0,marseille,fra,it,2000.0,test@yahoo.com,50.0
577.0,karim,28.0,lille,fra,hr,3500.0,unknown,80.0
581.0,nadia,29.0,marseille,france,sales,3000.0,test@yahoo.com,20.0
582.0,sara,26.0,marseille,unknown,unknown,3000.0,unknown,10.0
unknown,ali,25.0,paris,france,unknown,3000.0,unknown,90.0
588.0,karim,28.0,paris,unknown,sales,3000.0,contact@outlook.com,20.0
unknown,youssef,28.0,,fr,unknown,4000.0,unknown,50.0
unknown,ali,25.0,lyon,france,marketing,2000.0,invalid-email,50.0
420.0,sara,28.0,paris,fra,it,3500.0,test@yahoo.com,50.0
unknown,ali,23.0,lille,unknown,finance,2500.0,unknown,50.0
595.0,fatima,25.0,lyon,unknown,it,2200.0,user@gmail.com,20.0
unknown,unknown,24.0,lille,france,unknown,3000.0,invalid-email,50.0
598.0,ali,28.0,marseille,fra,unknown,1800.0,unknown,70.0
unknown,fatima,26.0,unknown,france,it,3500.0,unknown,50.0
unknown,youssef,23.0,lyon,fra,it,3500.0,test@yahoo.com,70.0
107.0,sara,25.0,marseille,fr,sales,3000.0,invalid-email,100.0
438.0,fatima,22.0,paris,fra,it,2200.0,invalid-email,30.0
unknown,omar,28.0,marseille,fra,marketing,3000.0,unknown,100.0
24.0,sara,25.0,paris,france,finance,3000.0,invalid-email,50.0
49.0,sara,25.0,lyon,fr,it,3000.0,unknown,50.0
unknown,karim,25.0,paris,france,hr,3500.0,test@yahoo.com,60.0
334.0,sara,24.0,unknown,unknown,sales,3000.0,invalid-email,60.0
unknown,omar,27.0,marseille,france,hr,1800.0,test@yahoo.com,40.0
338.0,sara,25.0,paris,france,hr,4000.0,user@gmail.com,20.0
616.0,sara,30.0,marseille,fr,finance,2500.0,unknown,80.0
unknown,amina,27.0,unknown,unknown,sales,3000.0,unknown,90.0
158.0,nadia,28.0,lyon,france,unknown,3000.0,contact@outlook.com,50.0
79.0,ali,20.0,lille,france,it,3000.0,invalid-email,10.0
623.0,omar,25.0,lyon,fra,,4000.0,invalid-email,30.0
unknown,ali,26.0,marseille,france,marketing,2000.0,invalid-email,40.0
137.0,fatima,25.0,paris,france,hr,3000.0,user@gmail.com,80.0
316.0,youssef,25.0,unknown,fra,finance,3500.0,user@gmail.com,10.0
unknown,ali,22.0,paris,fr,marketing,2200.0,unknown,50.0
629.0,sara,22.0,paris,fra,finance,3500.0,invalid-email,50.0
397.0,sara,28.0,lille,france,finance,3000.0,invalid-email,10.0
unknown,fatima,26.0,lille,france,it,2500.0,invalid-email,50.0
unknown,ali,23.0,lille,fra,marketing,3500.0,test@yahoo.com,50.0
85.0,amina,21.0,marseille,france,it,1800.0,unknown,50.0
unknown,amina,22.0,marseille,france,finance,2200.0,invalid-email,50.0
316.0,,25.0,unknown,france,it,3500.0,unknown,50.0
412.0,sara,23.0,paris,unknown,sales,3500.0,unknown,50.0
641.0,nadia,25.0,lille,unknown,marketing,3000.0,unknown,40.0
642.0,omar,25.0,marseille,unknown,unknown,3000.0,unknown,90.0
643.0,omar,22.0,lille,fr,marketing,3000.0,contact@outlook.com,10.0
unknown,youssef,25.0,marseille,unknown,it,2000.0,user@gmail.com,50.0
647.0,unknown,22.0,paris,france,finance,2000.0,invalid-email,20.0
unknown,ali,25.0,marseille,unknown,unknown,3000.0,unknown,100.0
649.0,lina,23.0,,unknown,sales,1800.0,test@yahoo.com,80.0
650.0,nadia,25.0,unknown,france,it,3000.0,unknown,60.0
unknown,ali,25.0,unknown,fr,unknown,1800.0,unknown,50.0
652.0,omar,21.0,paris,unknown,finance,3000.0,invalid-email,40.0
unknown,amina,25.0,unknown,fra,sales,2000.0,test@yahoo.com,30.0
unknown,fatima,26.0,lille,unknown,marketing,3500.0,invalid-email,70.0
unknown,ali,24.0,unknown,france,,2200.0,contact@outlook.com,50.0
659.0,unknown,25.0,paris,unknown,marketing,3000.0,unknown,100.0
unknown,mohamed,21.0,paris,fra,it,2200.0,test@yahoo.com,60.0
unknown,ali,25.0,lille,unknown,hr,3500.0,unknown,40.0
666.0,ali,25.0,marseille,fra,unknown,2000.0,test@yahoo.com,50.0
670.0,youssef,25.0,marseille,fr,sales,2000.0,unknown,70.0
315.0,amina,22.0,lille,france,finance,2500.0,unknown,30.0
unknown,unknown,21.0,paris,unknown,it,2500.0,unknown,50.0
unknown,fatima,23.0,lille,unknown,marketing,3000.0,invalid-email,50.0
unknown,sara,30.0,paris,fra,unknown,1800.0,contact@outlook.com,10.0
unknown,youssef,30.0,unknown,fr,sales,1800.0,contact@outlook.com,50.0
unknown,nadia,28.0,paris,france,finance,3000.0,contact@outlook.com,80.0
unknown,mohamed,20.0,marseille,unknown,it,3500.0,unknown,40.0
unknown,youssef,25.0,paris,unknown,marketing,4000.0,user@gmail.com,50.0
unknown,ali,23.0,marseille,france,hr,4000.0,contact@outlook.com,60.0
unknown,omar,25.0,paris,france,it,2200.0,unknown,50.0
163.0,karim,24.0,lille,unknown,marketing,2200.0,test@yahoo.com,30.0
691.0,unknown,26.0,lille,fra,hr,2200.0,test@yahoo.com,10.0
694.0,amina,25.0,marseille,unknown,it,4000.0,unknown,100.0
696.0,omar,28.0,marseille,unknown,it,3000.0,invalid-email,50.0
699.0,mohamed,25.0,unknown,unknown,unknown,2200.0,invalid-email,60.0
unknown,unknown,25.0,paris,unknown,sales,2000.0,user@gmail.com,80.0
703.0,mohamed,22.0,marseille,unknown,hr,2200.0,test@yahoo.com,50.0
704.0,karim,24.0,lyon,unknown,unknown,3000.0,unknown,20.0
unknown,ali,23.0,lille,fr,unknown,2500.0,user@gmail.com,30.0
unknown,lina,20.0,paris,france,marketing,3500.0,user@gmail.com,20.0
709.0,mohamed,30.0,lyon,unknown,unknown,2200.0,invalid-email,100.0
710.0,sara,25.0,lyon,fr,it,4000.0,user@gmail.com,70.0
unknown,fatima,25.0,lyon,unknown,it,2000.0,unknown,50.0
713.0,nadia,25.0,unknown,unknown,marketing,4000.0,unknown,60.0
unknown,amina,29.0,marseille,france,unknown,3000.0,unknown,80.0
715.0,unknown,29.0,lyon,unknown,marketing,2500.0,user@gmail.com,10.0
unknown,mohamed,21.0,lyon,unknown,sales,4000.0,user@gmail.com,60.0
unknown,fatima,20.0,unknown,france,marketing,3000.0,user@gmail.com,50.0
unknown,lina,25.0,paris,france,it,3500.0,invalid-email,100.0
unknown,mohamed,27.0,paris,unknown,unknown,3000.0,contact@outlook.com,50.0
44.0,unknown,23.0,marseille,fra,marketing,2500.0,unknown,30.0
57.0,mohamed,20.0,lyon,france,unknown,3000.0,user@gmail.com,80.0
unknown,mohamed,23.0,marseille,fra,unknown,3000.0,contact@outlook.com,50.0
unknown,sara,20.0,lyon,france,sales,3500.0,invalid-email,20.0
98.0,youssef,28.0,marseille,fra,sales,3000.0,test@yahoo.com,50.0
732.0,amina,28.0,lille,france,finance,3000.0,contact@outlook.com,60.0
733.0,sara,25.0,lyon,unknown,finance,2200.0,user@gmail.com,100.0
739.0,nadia,21.0,marseille,fra,unknown,2200.0,contact@outlook.com,60.0
unknown,mohamed,28.0,paris,fra,sales,3500.0,unknown,20.0
405.0,omar,27.0,marseille,unknown,sales,2500.0,unknown,90.0
unknown,youssef,26.0,unknown,unknown,unknown,2500.0,test@yahoo.com,60.0
unknown,mohamed,30.0,lyon,fra,it,2000.0,unknown,100.0
261.0,unknown,22.0,lyon,france,it,3000.0,user@gmail.com,50.0
286.0,sara,25.0,lyon,france,finance,4000.0,unknown,70.0
320.0,sara,26.0,marseille,fra,sales,3000.0,test@yahoo.com,30.0
752.0,fatima,28.0,marseille,fr,sales,2200.0,contact@outlook.com,50.0
755.0,nadia,28.0,marseille,unknown,unknown,4000.0,contact@outlook.com,30.0
unknown,sara,22.0,lille,fr,unknown,3000.0,user@gmail.com,100.0
unknown,lina,26.0,marseille,fr,marketing,2200.0,user@gmail.com,100.0
39.0,youssef,22.0,unknown,fr,marketing,3000.0,user@gmail.com,20.0
765.0,unknown,29.0,paris,unknown,unknown,3500.0,test@yahoo.com,50.0
766.0,nadia,22.0,lille,france,it,2000.0,test@yahoo.com,30.0
237.0,nadia,24.0,lille,unknown,unknown,2500.0,invalid-email,50.0
199.0,youssef,22.0,lille,fra,it,3000.0,invalid-email,50.0
unknown,ali,20.0,paris,unknown,it,4000.0,unknown,50.0
774.0,ali,20.0,paris,france,sales,2000.0,unknown,50.0
228.0,fatima,25.0,lyon,fr,finance,1800.0,user@gmail.com,20.0
66.0,ali,25.0,unknown,unknown,hr,2000.0,unknown,50.0
394.0,youssef,22.0,paris,fr,it,4000.0,invalid-email,10.0
783.0,ali,26.0,lyon,france,it,4000.0,unknown,90.0
362.0,nadia,26.0,marseille,unknown,sales,3000.0,test@yahoo.com,70.0
unknown,unknown,25.0,lille,france,unknown,3500.0,contact@outlook.com,50.0
786.0,ali,30.0,paris,fr,unknown,3500.0,user@gmail.com,80.0
389.0,ali,23.0,paris,unknown,it,4000.0,unknown,50.0
unknown,youssef,27.0,lille,fra,it,1800.0,contact@outlook.com,60.0
unknown,ali,23.0,unknown,france,it,2200.0,unknown,50.0
794.0,nadia,29.0,paris,unknown,sales,2000.0,user@gmail.com,100.0
unknown,mohamed,27.0,lyon,unknown,it,2200.0,user@gmail.com,50.0
313.0,mohamed,22.0,paris,fra,sales,1800.0,user@gmail.com,20.0
unknown,nadia,29.0,paris,unknown,marketing,3500.0,invalid-email,90.0
unknown,ali,23.0,lyon,france,finance,2000.0,test@yahoo.com,80.0
805.0,mohamed,30.0,paris,france,it,3000.0,test@yahoo.com,50.0
809.0,sara,26.0,lyon,fra,finance,2000.0,invalid-email,80.0
27.0,mohamed,23.0,unknown,fra,hr,4000.0,contact@outlook.com,80.0
811.0,ali,25.0,lyon,france,it,2200.0,user@gmail.com,100.0
30.0,mohamed,21.0,lille,fra,sales,2200.0,contact@outlook.com,50.0
818.0,sara,25.0,marseille,france,hr,3500.0,contact@outlook.com,50.0
499.0,nadia,25.0,paris,unknown,sales,2200.0,contact@outlook.com,80.0
450.0,sara,20.0,lille,unknown,it,1800.0,user@gmail.com,60.0
unknown,fatima,25.0,lyon,fr,it,3000.0,unknown,70.0
827.0,sara,25.0,marseille,fra,unknown,3000.0,unknown,20.0
unknown,mohamed,21.0,lyon,fra,sales,2000.0,invalid-email,50.0
unknown,ali,24.0,marseille,unknown,unknown,2200.0,invalid-email,70.0
unknown,ali,20.0,lyon,france,sales,1800.0,test@yahoo.com,90.0
835.0,nadia,25.0,lyon,france,hr,3500.0,contact@outlook.com,30.0
unknown,sara,20.0,unknown,fr,it,2200.0,contact@outlook.com,90.0
unknown,unknown,27.0,unknown,unknown,sales,3000.0,invalid-email,80.0
unknown,amina,28.0,paris,unknown,it,4000.0,test@yahoo.com,70.0
189.0,lina,20.0,lyon,fr,it,3000.0,invalid-email,90.0
847.0,sara,27.0,marseille,fra,marketing,2200.0,unknown,50.0
458.0,mohamed,25.0,unknown,unknown,sales,2200.0,test@yahoo.com,80.0
unknown,lina,21.0,,fra,sales,1800.0,invalid-email,50.0
850.0,omar,27.0,unknown,france,finance,2200.0,invalid-email,90.0
444.0,ali,30.0,lille,unknown,sales,3500.0,unknown,100.0
857.0,youssef,25.0,marseille,unknown,it,1800.0,contact@outlook.com,90.0
unknown,amina,25.0,paris,france,hr,3000.0,contact@outlook.com,50.0
248.0,lina,22.0,paris,france,hr,3000.0,test@yahoo.com,40.0
863.0,sara,25.0,paris,france,unknown,3500.0,contact@outlook.com,60.0
865.0,fatima,22.0,paris,unknown,finance,3000.0,test@yahoo.com,30.0
869.0,sara,22.0,lyon,unknown,it,3500.0,test@yahoo.com,90.0
unknown,amina,23.0,lille,unknown,sales,2000.0,unknown,10.0
871.0,sara,23.0,lyon,france,unknown,1800.0,unknown,40.0
427.0,karim,26.0,lyon,unknown,finance,4000.0,user@gmail.com,60.0
351.0,fatima,28.0,marseille,fr,sales,2500.0,user@gmail.com,50.0
unknown,ali,21.0,paris,france,sales,4000.0,unknown,20.0
unknown,amina,26.0,lille,unknown,marketing,2200.0,invalid-email,20.0
128.0,nadia,23.0,unknown,france,it,2000.0,unknown,20.0
unknown,ali,22.0,marseille,unknown,it,2200.0,contact@outlook.com,100.0
884.0,ali,25.0,lille,fra,unknown,2500.0,contact@outlook.com,80.0
unknown,youssef,28.0,marseille,unknown,unknown,1800.0,user@gmail.com,20.0
196.0,lina,25.0,marseille,fra,unknown,1800.0,user@gmail.com,90.0
337.0,unknown,25.0,paris,fra,sales,2200.0,contact@outlook.com,70.0
unknown,unknown,22.0,lille,france,sales,3000.0,invalid-email,70.0
unknown,lina,25.0,lyon,fr,it,1800.0,unknown,30.0
428.0,lina,25.0,,france,it,4000.0,user@gmail.com,60.0
182.0,lina,20.0,unknown,france,finance,2500.0,unknown,100.0
unknown,sara,25.0,lyon,france,it,2200.0,user@gmail.com,60.0
19.0,ali,25.0,marseille,unknown,,4000.0,contact@outlook.com,50.0
unknown,ali,25.0,marseille,unknown,sales,3500.0,unknown,50.0
896.0,sara,30.0,lyon,fr,unknown,3000.0,unknown,30.0
314.0,lina,26.0,lyon,fra,sales,3000.0,test@yahoo.com,50.0
172.0,sara,29.0,lille,fra,sales,2500.0,contact@outlook.com,20.0
333.0,omar,25.0,lyon,fra,,3500.0,test@yahoo.com,70.0
unknown,omar,27.0,unknown,unknown,hr,1800.0,unknown,90.0
902.0,amina,27.0,lyon,unknown,unknown,3000.0,unknown,50.0
314.0,unknown,29.0,unknown,france,,2500.0,contact@outlook.com,30.0
904.0,sara,30.0,lyon,fra,sales,3500.0,user@gmail.com,40.0
433.0,youssef,25.0,lyon,unknown,hr,3000.0,unknown,40.0
286.0,karim,30.0,paris,france,hr,3000.0,test@yahoo.com,50.0
909.0,lina,29.0,lyon,france,sales,3500.0,unknown,20.0
unknown,unknown,22.0,lyon,france,,2000.0,unknown,100.0
377.0,mohamed,25.0,lyon,fra,finance,2200.0,user@gmail.com,40.0
914.0,lina,28.0,marseille,fra,finance,3000.0,test@yahoo.com,80.0
917.0,omar,25.0,lyon,fra,sales,1800.0,invalid-email,50.0
17.0,unknown,21.0,lille,fra,sales,3500.0,unknown,20.0
920.0,sara,24.0,lille,france,it,4000.0,unknown,90.0
212.0,mohamed,26.0,marseille,unknown,finance,1800.0,user@gmail.com,50.0
316.0,amina,24.0,paris,france,it,2200.0,unknown,10.0
unknown,karim,25.0,lille,unknown,unknown,2000.0,test@yahoo.com,40.0
97.0,youssef,25.0,lille,fra,hr,4000.0,test@yahoo.com,40.0
421.0,sara,30.0,lyon,fra,hr,4000.0,test@yahoo.com,50.0
362.0,sara,29.0,lyon,france,sales,3000.0,user@gmail.com,60.0
934.0,nadia,25.0,unknown,unknown,it,1800.0,contact@outlook.com,100.0
195.0,karim,30.0,marseille,france,unknown,1800.0,unknown,50.0
unknown,nadia,25.0,lille,france,sales,3500.0,unknown,70.0
72.0,sara,25.0,paris,france,unknown,3000.0,unknown,70.0
144.0,amina,25.0,lyon,unknown,it,4000.0,test@yahoo.com,50.0
939.0,omar,25.0,unknown,unknown,unknown,1800.0,test@yahoo.com,10.0
940.0,ali,27.0,lyon,france,unknown,4000.0,user@gmail.com,10.0
226.0,sara,28.0,lille,fra,unknown,2000.0,unknown,30.0
944.0,fatima,25.0,lille,unknown,sales,3500.0,user@gmail.com,50.0
945.0,karim,25.0,unknown,france,it,2200.0,user@gmail.com,80.0
947.0,ali,29.0,lille,fr,hr,2500.0,user@gmail.com,50.0
144.0,mohamed,20.0,paris,unknown,sales,2000.0,invalid-email,30.0
476.0,omar,30.0,unknown,unknown,sales,3000.0,invalid-email,20.0
464.0,youssef,22.0,paris,unknown,marketing,2500.0,unknown,50.0
956.0,omar,21.0,paris,unknown,sales,3000.0,invalid-email,20.0
958.0,sara,30.0,lille,france,hr,4000.0,user@gmail.com,70.0
413.0,lina,25.0,paris,france,hr,2000.0,unknown,50.0
unknown,sara,26.0,lille,france,it,4000.0,user@gmail.com,30.0
335.0,nadia,25.0,marseille,unknown,unknown,3000.0,unknown,100.0
unknown,ali,25.0,unknown,fra,marketing,2000.0,test@yahoo.com,10.0
123.0,unknown,30.0,lille,france,sales,3000.0,invalid-email,80.0
967.0,fatima,24.0,,fra,it,3500.0,user@gmail.com,50.0
unknown,karim,26.0,lille,unknown,unknown,3000.0,user@gmail.com,70.0
unknown,amina,25.0,unknown,unknown,unknown,2500.0,unknown,90.0
unknown,ali,25.0,lille,unknown,sales,1800.0,test@yahoo.com,50.0
unknown,ali,27.0,paris,fr,sales,4000.0,unknown,50.0
184.0,mohamed,25.0,paris,unknown,finance,3000.0,unknown,20.0
341.0,mohamed,22.0,lyon,france,unknown,2000.0,invalid-email,50.0
976.0,omar,20.0,paris,fr,marketing,3500.0,unknown,30.0
unknown,ali,25.0,paris,fr,sales,2000.0,unknown,20.0
980.0,sara,25.0,unknown,unknown,sales,3000.0,user@gmail.com,20.0
unknown,nadia,25.0,paris,france,it,3500.0,test@yahoo.com,40.0
224.0,mohamed,25.0,paris,france,unknown,3500.0,contact@outlook.com,30.0
43.0,lina,25.0,marseille,fr,finance,2200.0,unknown,50.0
985.0,mohamed,26.0,marseille,fra,unknown,3000.0,unknown,10.0
986.0,mohamed,20.0,lille,france,sales,3500.0,contact@outlook.com,50.0
332.0,mohamed,23.0,lyon,france,it,3000.0,contact@outlook.com,50.0
unknown,unknown,22.0,lille,unknown,marketing,2500.0,user@gmail.com,90.0
unknown,lina,25.0,unknown,france,it,1800.0,unknown,50.0
123.0,sara,26.0,lille,france,it,3500.0,contact@outlook.com,90.0
995.0,ali,25.0,unknown,france,unknown,3000.0,unknown,10.0
unknown,mohamed,27.0,lille,france,,3000.0,user@gmail.com,40.0
233.0,ali,25.0,paris,unknown,it,2000.0,unknown,70.0
1004.0,lina,29.0,lyon,france,,2200.0,user@gmail.com,50.0
479.0,unknown,24.0,lyon,france,unknown,1800.0,user@gmail.com,60.0
1007.0,karim,27.0,unknown,fr,unknown,3500.0,invalid-email,50.0
unknown,lina,21.0,unknown,unknown,sales,4000.0,test@yahoo.com,60.0
1010.0,ali,27.0,lyon,unknown,sales,2200.0,unknown,100.0
unknown,youssef,28.0,unknown,france,unknown,2000.0,test@yahoo.com,90.0
1012.0,amina,28.0,lyon,fra,unknown,1800.0,user@gmail.com,90.0
1013.0,youssef,25.0,lyon,france,unknown,2000.0,unknown,60.0
unknown,ali,27.0,paris,fr,sales,2200.0,invalid-email,90.0
162.0,youssef,21.0,paris,france,unknown,2200.0,contact@outlook.com,30.0
1016.0,mohamed,24.0,marseille,unknown,hr,1800.0,unknown,30.0
unknown,ali,24.0,marseille,france,it,2200.0,invalid-email,50.0
1019.0,youssef,20.0,marseille,fra,,4000.0,user@gmail.com,10.0
unknown,fatima,20.0,lyon,unknown,sales,2500.0,unknown,50.0
64.0,amina,26.0,lille,france,unknown,2500.0,test@yahoo.com,90.0
1022.0,omar,26.0,lille,fra,it,1800.0,invalid-email,100.0
194.0,unknown,30.0,lyon,unknown,unknown,3000.0,user@gmail.com,50.0
unknown,sara,24.0,paris,fra,sales,2200.0,unknown,50.0
unknown,mohamed,30.0,paris,unknown,unknown,1800.0,user@gmail.com,30.0
unknown,unknown,25.0,lille,fra,unknown,2000.0,unknown,20.0
1030.0,,25.0,unknown,fra,sales,3500.0,invalid-email,100.0
183.0,mohamed,25.0,paris,france,unknown,3500.0,test@yahoo.com,10.0
unknown,ali,25.0,lyon,unknown,it,2500.0,user@gmail.com,100.0
320.0,mohamed,25.0,lyon,france,unknown,3500.0,user@gmail.com,80.0
unknown,nadia,22.0,lille,france,hr,2000.0,unknown,50.0
1036.0,youssef,29.0,lyon,unknown,marketing,2500.0,unknown,50.0
unknown,amina,24.0,unknown,unknown,unknown,1800.0,invalid-email,50.0
unknown,ali,25.0,marseille,fra,sales,3000.0,user@gmail.com,90.0
238.0,lina,28.0,paris,unknown,finance,1800.0,contact@outlook.com,90.0
unknown,karim,21.0,lyon,france,hr,3500.0,contact@outlook.com,50.0
1042.0,ali,27.0,marseille,france,it,3000.0,test@yahoo.com,80.0
122.0,unknown,20.0,marseille,unknown,finance,2000.0,unknown,80.0
1044.0,ali,27.0,,france,sales,1800.0,user@gmail.com,60.0
unknown,sara,25.0,paris,france,unknown,1800.0,contact@outlook.com,50.0
1046.0,sara,30.0,paris,unknown,it,3000.0,invalid-email,20.0
unknown,youssef,25.0,marseille,fra,unknown,2200.0,test@yahoo.com,50.0
1053.0,omar,29.0,unknown,unknown,hr,1800.0,test@yahoo.com,90.0
unknown,karim,23.0,marseille,france,it,3500.0,user@gmail.com,60.0
1060.0,fatima,23.0,lyon,france,finance,3000.0,unknown,60.0
unknown,fatima,22.0,lyon,france,hr,3000.0,user@gmail.com,50.0
70.0,ali,25.0,paris,fr,finance,3000.0,invalid-email,60.0
unknown,fatima,20.0,,unknown,finance,3000.0,contact@outlook.com,30.0
41.0,mohamed,30.0,unknown,france,hr,3000.0,invalid-email,50.0
unknown,lina,27.0,lille,fra,hr,3500.0,unknown,90.0
1070.0,unknown,23.0,lille,france,sales,2500.0,contact@outlook.com,70.0
1071.0,unknown,25.0,marseille,fr,unknown,2000.0,test@yahoo.com,20.0
218.0,nadia,26.0,marseille,fr,unknown,3500.0,contact@outlook.com,10.0
91.0,fatima,24.0,unknown,france,it,2000.0,contact@outlook.com,90.0
unknown,ali,21.0,lyon,france,sales,2000.0,user@gmail.com,10.0
1076.0,lina,23.0,unknown,fr,marketing,3000.0,unknown,50.0
349.0,fatima,25.0,unknown,france,unknown,3000.0,user@gmail.com,50.0
unknown,mohamed,27.0,lille,fr,sales,3500.0,test@yahoo.com,50.0
unknown,karim,23.0,lille,fra,unknown,1800.0,contact@outlook.com,100.0
1082.0,youssef,25.0,paris,fra,it,3500.0,test@yahoo.com,70.0
1084.0,mohamed,25.0,unknown,unknown,sales,4000.0,test@yahoo.com,20.0
unknown,omar,22.0,paris,unknown,unknown,1800.0,test@yahoo.com,20.0
466.0,youssef,23.0,lyon,fr,unknown,2000.0,invalid-email,60.0
1088.0,mohamed,25.0,marseille,fra,hr,2000.0,test@yahoo.com,70.0
unknown,sara,26.0,lyon,france,finance,3000.0,invalid-email,50.0
340.0,mohamed,29.0,unknown,fr,finance,3000.0,unknown,80.0
451.0,lina,25.0,lyon,fra,hr,4000.0,test@yahoo.com,100.0
375.0,nadia,26.0,unknown,france,sales,4000.0,unknown,40.0
465.0,karim,25.0,lille,france,it,2000.0,user@gmail.com,50.0
399.0,karim,27.0,paris,fr,finance,3000.0,user@gmail.com,10.0
1099.0,ali,24.0,paris,unknown,hr,3500.0,unknown,80.0
420.0,unknown,22.0,paris,france,sales,2200.0,contact@outlook.com,90.0
379.0,mohamed,21.0,unknown,france,marketing,2200.0,invalid-email,30.0
1105.0,ali,25.0,marseille,france,finance,3500.0,test@yahoo.com,20.0
8.0,ali,20.0,marseille,france,sales,2500.0,user@gmail.com,50.0
unknown,mohamed,20.0,marseille,unknown,sales,3500.0,contact@outlook.com,50.0
unknown,fatima,28.0,marseille,fra,sales,2500.0,test@yahoo.com,60.0
1109.0,ali,26.0,unknown,fr,it,4000.0,test@yahoo.com,40.0
unknown,unknown,24.0,unknown,unknown,it,1800.0,user@gmail.com,70.0
unknown,nadia,21.0,lille,unknown,hr,3000.0,user@gmail.com,60.0
1113.0,lina,20.0,unknown,unknown,unknown,4000.0,unknown,50.0
377.0,mohamed,23.0,unknown,france,it,2200.0,contact@outlook.com,50.0
449.0,mohamed,24.0,marseille,unknown,it,3000.0,invalid-email,50.0
1118.0,fatima,25.0,marseille,fr,finance,2500.0,unknown,50.0
unknown,sara,25.0,lyon,unknown,sales,3000.0,contact@outlook.com,80.0
1120.0,sara,25.0,lille,france,finance,1800.0,unknown,40.0
1121.0,mohamed,29.0,lille,france,finance,3000.0,user@gmail.com,50.0
239.0,mohamed,25.0,lyon,france,sales,2200.0,unknown,50.0
unknown,nadia,30.0,lyon,fr,unknown,2000.0,contact@outlook.com,70.0
1126.0,youssef,26.0,lille,fr,unknown,3000.0,invalid-email,100.0
1127.0,lina,22.0,lille,france,hr,2500.0,user@gmail.com,90.0
unknown,amina,21.0,marseille,france,sales,4000.0,unknown,40.0
unknown,karim,26.0,lyon,france,unknown,1800.0,contact@outlook.com,50.0
1133.0,amina,29.0,unknown,france,it,2000.0,user@gmail.com,50.0
469.0,karim,25.0,unknown,france,,2500.0,invalid-email,70.0
unknown,unknown,21.0,paris,unknown,it,2200.0,contact@outlook.com,40.0
1139.0,sara,22.0,lyon,fra,hr,3000.0,user@gmail.com,100.0
unknown,unknown,29.0,paris,unknown,hr,2000.0,contact@outlook.com,70.0
1143.0,ali,24.0,paris,unknown,it,2000.0,test@yahoo.com,50.0
unknown,sara,25.0,lille,fr,finance,3500.0,invalid-email,50.0
1149.0,mohamed,25.0,marseille,unknown,unknown,2500.0,unknown,70.0
197.0,amina,23.0,paris,unknown,unknown,1800.0,test@yahoo.com,50.0
1153.0,fatima,23.0,paris,unknown,sales,2000.0,invalid-email,10.0
1155.0,unknown,28.0,unknown,unknown,unknown,2000.0,unknown,40.0
unknown,mohamed,29.0,paris,unknown,it,4000.0,unknown,50.0
371.0,ali,30.0,lille,fra,finance,2500.0,contact@outlook.com,50.0
54.0,ali,28.0,lille,fr,hr,3000.0,test@yahoo.com,50.0
91.0,sara,26.0,lyon,unknown,hr,1800.0,unknown,60.0
unknown,nadia,25.0,marseille,fra,sales,3000.0,unknown,50.0
1167.0,sara,25.0,lille,fra,sales,2200.0,contact@outlook.com,50.0
195.0,ali,30.0,lille,fr,it,2000.0,user@gmail.com,20.0
unknown,ali,28.0,lyon,france,unknown,3000.0,unknown,20.0
unknown,mohamed,26.0,lille,unknown,sales,3000.0,unknown,20.0
unknown,mohamed,25.0,lille,fra,sales,3000.0,unknown,50.0
unknown,sara,25.0,lyon,unknown,sales,2200.0,unknown,30.0
unknown,nadia,25.0,marseille,france,it,2200.0,unknown,50.0
1181.0,omar,24.0,paris,france,sales,3000.0,contact@outlook.com,90.0
87.0,ali,20.0,lyon,fr,it,3000.0,contact@outlook.com,90.0
1184.0,ali,25.0,paris,france,it,2500.0,test@yahoo.com,40.0
1185.0,amina,28.0,lyon,unknown,it,3000.0,test@yahoo.com,100.0
1186.0,omar,24.0,lyon,fra,hr,4000.0,invalid-email,50.0
161.0,karim,20.0,unknown,france,sales,3000.0,user@gmail.com,20.0
unknown,karim,21.0,marseille,unknown,sales,3500.0,contact@outlook.com,50.0
1191.0,youssef,20.0,paris,fra,finance,4000.0,user@gmail.com,20.0
unknown,sara,24.0,unknown,fra,sales,3000.0,contact@outlook.com,100.0
443.0,omar,24.0,unknown,france,it,2200.0,contact@outlook.com,70.0
1197.0,nadia,25.0,lille,unknown,marketing,3000.0,invalid-email,50.0
unknown,karim,25.0,lille,unknown,it,2500.0,unknown,90.0
unknown,ali,29.0,lille,france,,2500.0,test@yahoo.com,60.0
1204.0,omar,25.0,paris,fra,unknown,4000.0,test@yahoo.com,20.0
unknown,fatima,25.0,lille,france,marketing,3000.0,invalid-email,50.0
1206.0,sara,30.0,unknown,fra,finance,3000.0,unknown,10.0
478.0,unknown,29.0,lille,france,it,1800.0,unknown,60.0
152.0,sara,20.0,marseille,unknown,hr,4000.0,contact@outlook.com,20.0
220.0,fatima,21.0,lille,unknown,hr,4000.0,user@gmail.com,10.0
unknown,youssef,23.0,lille,fra,it,3000.0,contact@outlook.com,30.0
274.0,sara,27.0,unknown,fra,hr,2200.0,contact@outlook.com,70.0
2.0,unknown,25.0,lyon,france,finance,3000.0,user@gmail.com,70.0
215.0,omar,27.0,unknown,unknown,hr,3500.0,invalid-email,50.0
unknown,unknown,25.0,marseille,france,sales,2000.0,user@gmail.com,30.0
1217.0,karim,27.0,lyon,fr,unknown,2000.0,invalid-email,100.0
unknown,omar,22.0,lyon,fr,sales,3000.0,unknown,50.0
unknown,mohamed,23.0,paris,france,sales,1800.0,contact@outlook.com,30.0
1221.0,amina,23.0,paris,france,sales,4000.0,unknown,50.0
1222.0,fatima,25.0,marseille,fra,it,3000.0,invalid-email,10.0
1223.0,youssef,25.0,lyon,fr,sales,2500.0,contact@outlook.com,30.0
1225.0,youssef,27.0,marseille,fr,marketing,2000.0,user@gmail.com,10.0
unknown,amina,25.0,lyon,unknown,marketing,2500.0,unknown,20.0
unknown,nadia,21.0,paris,unknown,it,3000.0,unknown,50.0
unknown,sara,22.0,paris,france,finance,4000.0,unknown,50.0
unknown,lina,25.0,lille,unknown,sales,4000.0,user@gmail.com,70.0
262.0,omar,25.0,lille,fr,marketing,2500.0,contact@outlook.com,50.0
1237.0,mohamed,23.0,paris,unknown,finance,3000.0,user@gmail.com,30.0
482.0,unknown,22.0,lyon,france,finance,2500.0,unknown,10.0
unknown,karim,30.0,lyon,unknown,,2500.0,invalid-email,60.0
1243.0,amina,30.0,marseille,france,unknown,2500.0,unknown,70.0
unknown,nadia,25.0,paris,unknown,marketing,1800.0,contact@outlook.com,30.0
418.0,ali,29.0,lyon,france,hr,2000.0,invalid-email,80.0
1248.0,unknown,20.0,unknown,france,hr,2500.0,user@gmail.com,30.0
1250.0,mohamed,27.0,unknown,fra,hr,3000.0,contact@outlook.com,30.0
1251.0,omar,25.0,lyon,unknown,unknown,2000.0,user@gmail.com,10.0
unknown,youssef,21.0,lille,fra,hr,1800.0,test@yahoo.com,40.0
1254.0,nadia,22.0,paris,france,sales,3000.0,contact@outlook.com,100.0
1255.0,lina,21.0,paris,unknown,hr,2200.0,invalid-email,60.0
unknown,karim,25.0,lyon,france,sales,3500.0,test@yahoo.com,50.0
unknown,unknown,23.0,marseille,france,sales,3000.0,unknown,50.0
unknown,fatima,25.0,paris,france,it,1800.0,test@yahoo.com,10.0
unknown,nadia,22.0,paris,france,it,3500.0,test@yahoo.com,80.0
unknown,unknown,26.0,lyon,france,finance,1800.0,unknown,20.0
1267.0,ali,29.0,paris,fra,hr,1800.0,test@yahoo.com,30.0
unknown,mohamed,20.0,marseille,fra,unknown,3000.0,unknown,50.0
unknown,omar,24.0,lyon,fra,hr,3000.0,user@gmail.com,70.0
1273.0,sara,23.0,marseille,unknown,it,2500.0,invalid-email,50.0
207.0,mohamed,20.0,marseille,unknown,sales,2500.0,contact@outlook.com,20.0
39.0,amina,25.0,marseille,france,finance,3000.0,test@yahoo.com,20.0
1277.0,amina,20.0,lyon,france,unknown,2500.0,unknown,40.0
1278.0,amina,29.0,paris,unknown,unknown,1800.0,user@gmail.com,20.0
483.0,ali,25.0,lyon,fra,unknown,2500.0,contact@outlook.com,70.0
371.0,mohamed,25.0,unknown,france,it,4000.0,unknown,20.0
1281.0,ali,29.0,marseille,fra,it,3000.0,test@yahoo.com,50.0
1282.0,unknown,30.0,paris,unknown,finance,2500.0,unknown,30.0
unknown,amina,21.0,paris,unknown,unknown,2000.0,user@gmail.com,50.0
1287.0,youssef,29.0,marseille,fr,sales,2000.0,test@yahoo.com,50.0
235.0,nadia,24.0,lille,unknown,hr,2000.0,unknown,10.0
unknown,ali,25.0,lyon,unknown,unknown,1800.0,test@yahoo.com,20.0
148.0,mohamed,29.0,marseille,france,finance,4000.0,invalid-email,20.0
178.0,nadia,30.0,lille,fra,sales,2000.0,test@yahoo.com,20.0
469.0,mohamed,26.0,lyon,fra,it,2000.0,contact@outlook.com,100.0
unknown,mohamed,21.0,paris,france,marketing,4000.0,user@gmail.com,50.0
231.0,omar,23.0,unknown,fr,hr,1800.0,user@gmail.com,60.0
unknown,karim,25.0,,fra,it,3000.0,unknown,20.0
unknown,amina,29.0,paris,fr,it,1800.0,test@yahoo.com,30.0
255.0,sara,25.0,unknown,fra,marketing,3000.0,unknown,80.0
1304.0,ali,27.0,unknown,unknown,sales,1800.0,test@yahoo.com,40.0
unknown,omar,25.0,paris,unknown,sales,2500.0,contact@outlook.com,40.0
unknown,amina,20.0,marseille,fr,it,3000.0,contact@outlook.com,20.0
358.0,ali,27.0,marseille,fra,it,3500.0,unknown,90.0
498.0,sara,22.0,lille,fra,it,2200.0,unknown,30.0
unknown,unknown,28.0,paris,unknown,unknown,3000.0,unknown,10.0
341.0,unknown,26.0,lyon,france,unknown,3000.0,invalid-email,40.0
438.0,sara,25.0,lille,fra,sales,1800.0,contact@outlook.com,40.0
1315.0,ali,22.0,marseille,unknown,it,3500.0,test@yahoo.com,70.0
unknown,karim,23.0,unknown,unknown,sales,1800.0,unknown,30.0
unknown,karim,25.0,paris,fra,it,3000.0,test@yahoo.com,40.0
81.0,fatima,21.0,paris,france,sales,1800.0,unknown,100.0
1320.0,amina,25.0,lille,france,sales,1800.0,unknown,30.0
1322.0,sara,25.0,marseille,fr,it,3000.0,user@gmail.com,50.0
144.0,unknown,22.0,paris,france,unknown,3500.0,test@yahoo.com,20.0
1325.0,karim,21.0,lille,unknown,sales,2500.0,unknown,70.0
455.0,ali,27.0,paris,france,marketing,1800.0,test@yahoo.com,100.0
unknown,mohamed,22.0,lyon,fr,sales,2500.0,user@gmail.com,30.0
unknown,ali,24.0,lille,unknown,unknown,4000.0,unknown,40.0
1334.0,amina,26.0,marseille,france,it,3500.0,unknown,20.0
1335.0,unknown,20.0,lille,fr,sales,3000.0,unknown,50.0
95.0,fatima,21.0,lyon,unknown,it,3500.0,test@yahoo.com,60.0
1338.0,lina,25.0,paris,unknown,it,2500.0,invalid-email,50.0
1339.0,omar,21.0,marseille,fr,finance,3000.0,test@yahoo.com,90.0
1341.0,ali,25.0,lille,fra,it,3000.0,invalid-email,20.0
unknown,ali,27.0,lyon,france,sales,1800.0,unknown,10.0
1347.0,mohamed,21.0,marseille,unknown,sales,2500.0,test@yahoo.com,40.0
370.0,unknown,28.0,paris,unknown,it,3000.0,user@gmail.com,10.0
484.0,sara,24.0,marseille,unknown,sales,3000.0,unknown,30.0
unknown,fatima,29.0,lille,unknown,unknown,3000.0,contact@outlook.com,50.0
1352.0,sara,24.0,lyon,unknown,sales,3500.0,unknown,40.0
unknown,sara,25.0,lyon,unknown,sales,2000.0,invalid-email,40.0
unknown,fatima,27.0,marseille,france,unknown,2000.0,contact@outlook.com,100.0
1356.0,fatima,25.0,marseille,fra,unknown,2500.0,invalid-email,20.0
142.0,mohamed,30.0,lyon,unknown,sales,2200.0,invalid-email,50.0
180.0,sara,28.0,paris,fr,sales,2500.0,test@yahoo.com,90.0
unknown,lina,20.0,lille,fr,it,2000.0,user@gmail.com,70.0
unknown,karim,21.0,unknown,france,finance,2000.0,test@yahoo.com,10.0
1363.0,amina,24.0,lyon,france,unknown,2000.0,contact@outlook.com,100.0
1367.0,mohamed,22.0,marseille,fra,hr,1800.0,unknown,70.0
0.0,unknown,23.0,lille,france,it,1800.0,unknown,50.0
1370.0,omar,28.0,paris,france,sales,2000.0,contact@outlook.com,50.0
1372.0,unknown,25.0,lyon,unknown,it,3000.0,unknown,100.0
1373.0,youssef,30.0,lille,unknown,it,2200.0,invalid-email,40.0
1374.0,lina,27.0,paris,france,sales,3500.0,test@yahoo.com,20.0
unknown,lina,25.0,marseille,unknown,sales,3000.0,contact@outlook.com,10.0
1380.0,nadia,20.0,lyon,fr,sales,1800.0,invalid-email,10.0
220.0,ali,25.0,paris,france,marketing,2200.0,contact@outlook.com,50.0
unknown,karim,26.0,marseille,france,marketing,3000.0,unknown,30.0
288.0,ali,25.0,unknown,france,finance,3000.0,test@yahoo.com,90.0
102.0,youssef,21.0,lyon,unknown,unknown,3000.0,test@yahoo.com,50.0
448.0,sara,22.0,lille,fra,it,3000.0,unknown,60.0
239.0,karim,27.0,marseille,fra,unknown,1800.0,unknown,50.0
unknown,unknown,29.0,lyon,france,sales,2200.0,invalid-email,10.0
unknown,nadia,25.0,paris,france,it,3000.0,unknown,60.0
1392.0,unknown,24.0,unknown,fra,it,1800.0,user@gmail.com,100.0
unknown,sara,25.0,paris,unknown,finance,3000.0,test@yahoo.com,50.0
495.0,mohamed,23.0,unknown,unknown,hr,3000.0,unknown,50.0
1395.0,mohamed,27.0,unknown,unknown,finance,2000.0,user@gmail.com,30.0
227.0,ali,21.0,lyon,fra,unknown,2200.0,test@yahoo.com,90.0
unknown,ali,27.0,unknown,unknown,sales,4000.0,test@yahoo.com,10.0
1399.0,unknown,25.0,unknown,france,hr,3000.0,unknown,90.0
140.0,karim,25.0,paris,fra,sales,4000.0,test@yahoo.com,50.0
1402.0,amina,26.0,paris,unknown,marketing,1800.0,unknown,50.0
317.0,ali,25.0,paris,fra,unknown,3000.0,user@gmail.com,60.0
unknown,fatima,25.0,lille,fra,unknown,2000.0,test@yahoo.com,30.0
unknown,sara,29.0,marseille,fra,hr,3000.0,unknown,70.0
unknown,ali,25.0,paris,france,it,2000.0,unknown,70.0
1413.0,sara,22.0,marseille,unknown,finance,2000.0,unknown,50.0
unknown,sara,23.0,paris,france,it,3500.0,invalid-email,90.0
292.0,omar,25.0,marseille,unknown,unknown,2200.0,user@gmail.com,70.0
60.0,fatima,20.0,,unknown,it,1800.0,test@yahoo.com,50.0
472.0,karim,25.0,marseille,france,hr,3000.0,user@gmail.com,100.0
1421.0,amina,27.0,lyon,unknown,it,1800.0,contact@outlook.com,50.0
102.0,unknown,25.0,paris,france,finance,3000.0,unknown,50.0
1423.0,fatima,27.0,paris,unknown,it,3500.0,user@gmail.com,100.0
unknown,,21.0,lille,fra,hr,3000.0,unknown,20.0
282.0,ali,26.0,marseille,unknown,hr,4000.0,unknown,90.0
1428.0,nadia,21.0,,fr,it,2500.0,contact@outlook.com,10.0
1430.0,unknown,25.0,lyon,france,sales,1800.0,test@yahoo.com,30.0
1431.0,lina,25.0,unknown,unknown,finance,3000.0,test@yahoo.com,70.0
unknown,sara,30.0,paris,france,marketing,3000.0,test@yahoo.com,50.0
376.0,,25.0,lyon,fra,marketing,3500.0,unknown,50.0
unknown,unknown,24.0,marseille,unknown,unknown,3000.0,user@gmail.com,60.0
461.0,sara,29.0,lille,fr,sales,2500.0,test@yahoo.com,90.0
441.0,karim,27.0,paris,france,finance,4000.0,test@yahoo.com,70.0
1440.0,ali,24.0,paris,unknown,it,1800.0,unknown,60.0
472.0,mohamed,25.0,,france,it,3500.0,unknown,100.0
222.0,mohamed,25.0,paris,france,unknown,4000.0,unknown,50.0
unknown,nadia,26.0,unknown,unknown,unknown,3000.0,test@yahoo.com,80.0
1444.0,mohamed,20.0,lyon,unknown,marketing,2000.0,test@yahoo.com,90.0
151.0,amina,26.0,paris,unknown,marketing,3500.0,contact@outlook.com,50.0
unknown,mohamed,25.0,,france,sales,3000.0,unknown,60.0
494.0,nadia,30.0,lille,france,sales,1800.0,unknown,50.0
unknown,omar,25.0,paris,fra,hr,3000.0,contact@outlook.com,80.0
1450.0,ali,22.0,paris,unknown,it,2500.0,user@gmail.com,10.0
unknown,omar,25.0,lille,unknown,it,1800.0,unknown,40.0
unknown,youssef,24.0,paris,unknown,it,3000.0,unknown,100.0
120.0,sara,21.0,lille,fra,sales,3000.0,user@gmail.com,40.0
108.0,omar,25.0,lille,unknown,it,2500.0,invalid-email,100.0
unknown,sara,22.0,marseille,unknown,sales,2000.0,test@yahoo.com,90.0
unknown,omar,25.0,marseille,unknown,sales,3000.0,user@gmail.com,80.0
490.0,lina,21.0,marseille,unknown,unknown,2000.0,contact@outlook.com,80.0
1463.0,nadia,25.0,marseille,france,hr,3000.0,test@yahoo.com,70.0
unknown,ali,22.0,unknown,fr,marketing,3500.0,contact@outlook.com,20.0
209.0,omar,22.0,unknown,fra,finance,2200.0,invalid-email,30.0
426.0,ali,25.0,paris,france,hr,3000.0,unknown,70.0
1468.0,karim,25.0,lille,france,marketing,2000.0,contact@outlook.com,60.0
164.0,mohamed,28.0,,fr,sales,2500.0,contact@outlook.com,60.0
unknown,omar,28.0,unknown,unknown,sales,3000.0,contact@outlook.com,60.0
1474.0,mohamed,20.0,lyon,fra,unknown,3000.0,unknown,60.0
147.0,amina,25.0,paris,france,marketing,2200.0,user@gmail.com,90.0
unknown,mohamed,22.0,paris,unknown,it,3000.0,unknown,40.0
3.0,unknown,25.0,paris,fr,finance,3000.0,unknown,50.0
1481.0,sara,25.0,lyon,unknown,sales,3500.0,test@yahoo.com,60.0
1483.0,unknown,25.0,lille,fr,finance,3000.0,unknown,50.0
unknown,ali,20.0,lyon,france,sales,2500.0,unknown,50.0
1485.0,nadia,25.0,paris,unknown,unknown,3000.0,test@yahoo.com,50.0
1486.0,omar,25.0,lyon,france,sales,2000.0,invalid-email,100.0
unknown,lina,27.0,lille,unknown,hr,3000.0,test@yahoo.com,50.0
248.0,mohamed,30.0,marseille,unknown,it,3000.0,invalid-email,20.0
1490.0,unknown,25.0,lyon,fra,unknown,3500.0,test@yahoo.com,70.0
162.0,karim,25.0,lille,fra,sales,3000.0,user@gmail.com,80.0
1495.0,lina,30.0,paris,fr,unknown,4000.0,test@yahoo.com,30.0
1496.0,mohamed,30.0,paris,unknown,it,2200.0,unknown,10.0
unknown,ali,25.0,marseille,france,it,3500.0,unknown,50.0
unknown,fatima,25.0,lille,france,hr,3000.0,invalid-email,50.0
117.0,mohamed,22.0,marseille,fr,sales,2500.0,unknown,40.0
1500.0,ali,25.0,paris,unknown,sales,3000.0,invalid-email,80.0
1501.0,youssef,24.0,paris,france,finance,1800.0,contact@outlook.com,20.0
416.0,ali,26.0,paris,unknown,marketing,2000.0,user@gmail.com,90.0
1505.0,youssef,24.0,lille,france,sales,3000.0,unknown,80.0
192.0,karim,21.0,lyon,fra,,3000.0,invalid-email,50.0
unknown,fatima,26.0,paris,fra,sales,3500.0,unknown,20.0
1508.0,amina,20.0,marseille,france,unknown,3500.0,invalid-email,20.0
329.0,lina,22.0,unknown,france,sales,3000.0,test@yahoo.com,80.0
1510.0,sara,22.0,marseille,unknown,unknown,3000.0,unknown,100.0
1511.0,ali,25.0,lille,fr,sales,3000.0,unknown,30.0
18.0,sara,29.0,unknown,fra,it,3000.0,unknown,50.0
287.0,omar,27.0,marseille,unknown,finance,3500.0,invalid-email,80.0
4.0,sara,26.0,lyon,unknown,marketing,3000.0,contact@outlook.com,60.0
unknown,sara,25.0,lille,france,it,4000.0,test@yahoo.com,80.0
1521.0,youssef,25.0,lyon,france,sales,3000.0,invalid-email,20.0
319.0,,24.0,lille,unknown,finance,2000.0,unknown,20.0
1525.0,youssef,22.0,lyon,unknown,sales,2200.0,unknown,50.0
342.0,fatima,22.0,paris,france,finance,2000.0,unknown,30.0
84.0,unknown,20.0,marseille,france,it,2200.0,unknown,80.0
unknown,nadia,25.0,lyon,unknown,sales,2500.0,unknown,70.0
396.0,sara,27.0,marseille,fr,unknown,3500.0,unknown,100.0
1531.0,mohamed,30.0,lyon,unknown,hr,4000.0,unknown,80.0
355.0,ali,21.0,lille,fra,it,2200.0,user@gmail.com,60.0
437.0,mohamed,30.0,marseille,unknown,sales,2500.0,unknown,40.0
195.0,mohamed,25.0,paris,france,unknown,3500.0,unknown,10.0
300.0,lina,21.0,marseille,fr,unknown,1800.0,unknown,10.0
331.0,ali,27.0,marseille,france,marketing,3000.0,unknown,100.0
unknown,mohamed,28.0,paris,france,it,1800.0,unknown,30.0
unknown,mohamed,25.0,paris,france,sales,2000.0,user@gmail.com,50.0
unknown,unknown,25.0,paris,unknown,it,3000.0,user@gmail.com,70.0
unknown,ali,20.0,paris,france,unknown,2200.0,unknown,20.0
88.0,ali,24.0,unknown,france,unknown,4000.0,test@yahoo.com,50.0
1544.0,youssef,24.0,lille,fr,sales,3500.0,invalid-email,50.0
unknown,unknown,27.0,paris,france,sales,2200.0,unknown,30.0
unknown,mohamed,24.0,lyon,fr,unknown,3000.0,unknown,50.0
unknown,mohamed,23.0,lyon,france,unknown,3000.0,user@gmail.com,90.0
unknown,mohamed,27.0,paris,fra,it,3500.0,unknown,50.0
1555.0,lina,25.0,paris,unknown,it,1800.0,test@yahoo.com,80.0
171.0,ali,21.0,paris,fr,marketing,2200.0,invalid-email,30.0
unknown,lina,29.0,marseille,fra,sales,3000.0,user@gmail.com,50.0
85.0,unknown,29.0,lille,france,hr,2200.0,unknown,50.0
1561.0,sara,24.0,paris,fr,unknown,4000.0,test@yahoo.com,10.0
1562.0,fatima,22.0,lyon,fr,sales,2200.0,test@yahoo.com,40.0
192.0,sara,23.0,paris,fra,hr,3500.0,test@yahoo.com,50.0
167.0,unknown,30.0,marseille,unknown,sales,3000.0,user@gmail.com,80.0
unknown,unknown,20.0,unknown,unknown,sales,2000.0,unknown,30.0
1569.0,ali,23.0,lyon,fra,sales,3500.0,invalid-email,30.0
1570.0,youssef,24.0,marseille,unknown,unknown,1800.0,contact@outlook.com,30.0
83.0,ali,28.0,paris,fra,sales,3500.0,unknown,20.0
335.0,mohamed,25.0,paris,france,it,2200.0,unknown,70.0
351.0,ali,27.0,unknown,unknown,sales,4000.0,user@gmail.com,70.0
unknown,ali,21.0,unknown,fra,unknown,3500.0,invalid-email,60.0
1576.0,ali,25.0,,fr,finance,3000.0,unknown,80.0
91.0,lina,26.0,paris,fra,it,3000.0,unknown,100.0
57.0,sara,20.0,lille,unknown,sales,2500.0,test@yahoo.com,90.0
1581.0,sara,22.0,unknown,fra,sales,3000.0,contact@outlook.com,50.0
1582.0,unknown,25.0,lille,unknown,unknown,1800.0,user@gmail.com,60.0
1583.0,amina,25.0,unknown,france,sales,3000.0,unknown,60.0
unknown,sara,24.0,marseille,fra,it,2200.0,unknown,50.0
unknown,unknown,25.0,lyon,unknown,it,3500.0,unknown,40.0
1588.0,ali,24.0,lyon,france,sales,2500.0,user@gmail.com,70.0
1589.0,youssef,24.0,lille,unknown,it,2000.0,test@yahoo.com,10.0
unknown,karim,27.0,lille,france,it,3500.0,contact@outlook.com,80.0
130.0,ali,30.0,unknown,france,unknown,3000.0,contact@outlook.com,40.0
unknown,mohamed,29.0,marseille,unknown,sales,4000.0,user@gmail.com,50.0
unknown,nadia,23.0,marseille,unknown,hr,4000.0,unknown,20.0
49.0,fatima,23.0,paris,unknown,marketing,2200.0,test@yahoo.com,50.0
unknown,sara,30.0,unknown,unknown,it,3000.0,unknown,70.0
115.0,nadia,25.0,lille,fr,unknown,2200.0,test@yahoo.com,50.0
unknown,sara,29.0,unknown,unknown,sales,1800.0,contact@outlook.com,40.0
unknown,ali,27.0,unknown,france,it,1800.0,unknown,50.0
334.0,omar,28.0,lyon,france,unknown,3500.0,unknown,40.0
89.0,,25.0,lyon,fr,hr,3000.0,user@gmail.com,40.0
295.0,nadia,23.0,unknown,unknown,unknown,2500.0,test@yahoo.com,90.0
1609.0,ali,30.0,marseille,unknown,unknown,4000.0,user@gmail.com,70.0
unknown,ali,24.0,marseille,unknown,it,3500.0,invalid-email,90.0
unknown,nadia,26.0,paris,france,hr,3000.0,unknown,50.0
unknown,mohamed,25.0,marseille,unknown,it,2200.0,test@yahoo.com,80.0
1616.0,mohamed,22.0,paris,unknown,marketing,1800.0,test@yahoo.com,100.0
1618.0,sara,25.0,paris,france,marketing,4000.0,contact@outlook.com,40.0
1619.0,amina,24.0,paris,unknown,it,3000.0,contact@outlook.com,90.0
unknown,lina,26.0,lille,unknown,hr,3000.0,invalid-email,80.0
459.0,ali,30.0,paris,fr,finance,3000.0,test@yahoo.com,30.0
unknown,mohamed,25.0,paris,unknown,finance,3500.0,invalid-email,100.0
unknown,unknown,20.0,lille,france,finance,3500.0,unknown,70.0
1625.0,lina,28.0,paris,fr,unknown,3000.0,unknown,20.0
1626.0,nadia,29.0,lille,france,finance,3000.0,unknown,50.0
unknown,unknown,23.0,lyon,unknown,unknown,2200.0,user@gmail.com,50.0
282.0,sara,25.0,lyon,unknown,sales,2200.0,unknown,10.0
1629.0,fatima,29.0,,fra,unknown,2000.0,unknown,10.0
unknown,sara,23.0,lille,france,unknown,2000.0,invalid-email,20.0
368.0,mohamed,30.0,lyon,unknown,unknown,1800.0,contact@outlook.com,70.0
320.0,sara,25.0,paris,fra,it,3500.0,unknown,80.0
1636.0,sara,25.0,marseille,unknown,marketing,2000.0,invalid-email,50.0
unknown,unknown,22.0,lyon,france,finance,2500.0,contact@outlook.com,50.0
1639.0,mohamed,26.0,paris,france,hr,3500.0,unknown,50.0
156.0,sara,25.0,marseille,fra,marketing,4000.0,unknown,50.0
1643.0,unknown,25.0,lyon,france,marketing,3000.0,contact@outlook.com,60.0
1646.0,mohamed,30.0,marseille,unknown,unknown,2500.0,contact@outlook.com,100.0
1647.0,sara,20.0,unknown,fr,marketing,3000.0,contact@outlook.com,50.0
56.0,mohamed,25.0,paris,fr,sales,2200.0,test@yahoo.com,50.0
unknown,omar,25.0,lyon,unknown,it,2200.0,user@gmail.com,50.0
unknown,sara,25.0,marseille,fra,finance,2200.0,contact@outlook.com,40.0
235.0,lina,23.0,unknown,unknown,marketing,3000.0,unknown,10.0
unknown,lina,20.0,,fra,it,3000.0,contact@outlook.com,90.0
1659.0,karim,29.0,lyon,france,sales,1800.0,user@gmail.com,60.0
1660.0,youssef,25.0,lyon,unknown,it,3000.0,invalid-email,50.0
1662.0,ali,28.0,,france,hr,3000.0,contact@outlook.com,60.0
445.0,unknown,23.0,unknown,france,finance,3000.0,test@yahoo.com,50.0
1664.0,mohamed,25.0,paris,france,unknown,2000.0,invalid-email,80.0
105.0,amina,25.0,paris,france,hr,3000.0,unknown,90.0
1668.0,mohamed,28.0,marseille,fra,marketing,3000.0,user@gmail.com,10.0
3.0,mohamed,26.0,marseille,france,it,3500.0,contact@outlook.com,20.0
331.0,ali,22.0,lyon,france,it,2200.0,unknown,30.0
316.0,unknown,22.0,marseille,france,hr,3000.0,test@yahoo.com,50.0
320.0,unknown,25.0,lyon,unknown,it,1800.0,user@gmail.com,10.0
455.0,ali,25.0,paris,fra,it,3000.0,invalid-email,100.0
unknown,mohamed,22.0,paris,france,it,2500.0,user@gmail.com,20.0
243.0,unknown,24.0,paris,fr,unknown,3500.0,unknown,50.0
49.0,nadia,25.0,unknown,france,hr,2500.0,unknown,50.0
1682.0,fatima,24.0,paris,unknown,marketing,3500.0,unknown,50.0
unknown,omar,29.0,lyon,france,it,4000.0,contact@outlook.com,30.0
1685.0,mohamed,30.0,paris,france,hr,4000.0,contact@outlook.com,100.0
unknown,nadia,21.0,lyon,unknown,unknown,3500.0,contact@outlook.com,50.0
1689.0,mohamed,25.0,marseille,unknown,it,3000.0,test@yahoo.com,40.0
499.0,unknown,21.0,paris,unknown,marketing,2200.0,contact@outlook.com,80.0
unknown,sara,25.0,lille,france,sales,3000.0,test@yahoo.com,50.0
unknown,lina,28.0,lyon,unknown,unknown,2200.0,contact@outlook.com,20.0
1694.0,ali,30.0,unknown,france,hr,3000.0,unknown,40.0
1698.0,karim,25.0,paris,unknown,sales,4000.0,unknown,40.0
427.0,sara,23.0,lyon,france,sales,2000.0,unknown,100.0
unknown,youssef,28.0,paris,unknown,unknown,2500.0,unknown,50.0
1702.0,omar,25.0,,fra,hr,2000.0,unknown,50.0
1703.0,karim,25.0,lyon,france,unknown,4000.0,unknown,50.0
354.0,mohamed,24.0,lyon,unknown,sales,2000.0,unknown,100.0
442.0,fatima,25.0,unknown,fra,sales,4000.0,user@gmail.com,20.0
442.0,unknown,25.0,lyon,fr,unknown,3500.0,invalid-email,50.0
1707.0,ali,21.0,lille,france,unknown,2500.0,unknown,50.0
331.0,unknown,27.0,unknown,unknown,it,4000.0,unknown,50.0
unknown,unknown,20.0,lyon,unknown,hr,1800.0,unknown,20.0
unknown,sara,25.0,lyon,fr,marketing,2000.0,unknown,50.0
207.0,amina,27.0,unknown,france,sales,2500.0,contact@outlook.com,50.0
248.0,lina,25.0,lille,fr,hr,2200.0,contact@outlook.com,20.0
436.0,mohamed,25.0,marseille,unknown,it,4000.0,test@yahoo.com,20.0
unknown,unknown,25.0,lyon,unknown,sales,3500.0,test@yahoo.com,10.0
unknown,mohamed,30.0,lyon,france,unknown,2500.0,unknown,40.0
1724.0,nadia,30.0,lyon,france,it,3000.0,test@yahoo.com,100.0
247.0,karim,28.0,lille,unknown,finance,4000.0,test@yahoo.com,90.0
134.0,lina,25.0,lyon,fr,unknown,3500.0,user@gmail.com,30.0
unknown,fatima,25.0,lille,unknown,hr,2000.0,unknown,80.0
338.0,youssef,28.0,unknown,fr,it,2500.0,unknown,90.0
484.0,mohamed,25.0,lille,unknown,it,1800.0,unknown,50.0
386.0,amina,21.0,paris,unknown,sales,3000.0,invalid-email,30.0
1739.0,unknown,25.0,paris,france,marketing,3500.0,test@yahoo.com,70.0
450.0,nadia,21.0,paris,fr,sales,2500.0,test@yahoo.com,50.0
1741.0,lina,27.0,paris,unknown,marketing,1800.0,unknown,90.0
unknown,lina,21.0,paris,france,unknown,1800.0,user@gmail.com,70.0
1743.0,mohamed,29.0,unknown,fr,sales,2200.0,test@yahoo.com,100.0
unknown,unknown,25.0,paris,fr,marketing,2000.0,contact@outlook.com,30.0
280.0,mohamed,27.0,paris,unknown,unknown,2000.0,contact@outlook.com,60.0
1749.0,unknown,27.0,lyon,fra,it,3500.0,user@gmail.com,50.0
unknown,sara,25.0,,france,unknown,2000.0,unknown,60.0
144.0,mohamed,27.0,lyon,fr,sales,4000.0,invalid-email,20.0
402.0,mohamed,30.0,paris,unknown,it,2500.0,user@gmail.com,100.0
unknown,omar,22.0,unknown,fr,it,3000.0,user@gmail.com,50.0
1758.0,sara,23.0,lille,france,it,1800.0,invalid-email,50.0
59.0,ali,23.0,unknown,fr,hr,4000.0,test@yahoo.com,70.0
1760.0,mohamed,29.0,lyon,unknown,marketing,4000.0,unknown,50.0
unknown,youssef,23.0,unknown,unknown,marketing,4000.0,unknown,70.0
1763.0,sara,25.0,lille,france,finance,2000.0,unknown,20.0
61.0,unknown,23.0,paris,unknown,unknown,2500.0,test@yahoo.com,10.0
240.0,sara,21.0,lyon,france,sales,2200.0,user@gmail.com,50.0
1769.0,ali,28.0,lyon,france,it,1800.0,unknown,30.0
78.0,omar,21.0,lyon,france,finance,3500.0,unknown,80.0
12.0,sara,25.0,lyon,unknown,unknown,3000.0,unknown,30.0
280.0,ali,21.0,unknown,france,sales,3000.0,unknown,100.0
1774.0,sara,25.0,marseille,france,hr,2000.0,unknown,10.0
1775.0,amina,20.0,marseille,unknown,sales,2500.0,unknown,100.0
1776.0,ali,30.0,lille,unknown,sales,3000.0,unknown,70.0
unknown,fatima,30.0,lille,unknown,marketing,3500.0,unknown,80.0
1778.0,nadia,28.0,marseille,france,hr,3000.0,unknown,30.0
493.0,youssef,22.0,marseille,unknown,it,4000.0,contact@outlook.com,10.0
340.0,mohamed,25.0,lille,france,finance,2500.0,unknown,100.0
unknown,ali,25.0,unknown,fr,unknown,3000.0,invalid-email,50.0
unknown,karim,20.0,lyon,france,it,3000.0,test@yahoo.com,70.0
unknown,karim,22.0,lille,france,finance,4000.0,unknown,30.0
1789.0,ali,21.0,paris,france,it,1800.0,user@gmail.com,20.0
160.0,fatima,25.0,paris,france,marketing,2000.0,contact@outlook.com,60.0
298.0,nadia,25.0,paris,fr,marketing,2000.0,unknown,30.0
83.0,sara,28.0,,fra,hr,3000.0,unknown,80.0
1797.0,sara,25.0,unknown,france,it,3000.0,unknown,50.0
42.0,amina,25.0,lille,france,sales,2200.0,contact@outlook.com,50.0
unknown,youssef,28.0,paris,fra,it,2200.0,user@gmail.com,40.0
358.0,youssef,27.0,marseille,fr,it,3000.0,unknown,50.0
9.0,karim,23.0,lille,fra,sales,1800.0,unknown,50.0
368.0,omar,23.0,lille,fr,marketing,2000.0,invalid-email,20.0
unknown,fatima,23.0,paris,unknown,sales,4000.0,contact@outlook.com,90.0
1812.0,nadia,22.0,lille,france,sales,2200.0,test@yahoo.com,30.0
unknown,amina,23.0,paris,unknown,sales,2500.0,test@yahoo.com,60.0
1815.0,karim,24.0,marseille,unknown,finance,3000.0,user@gmail.com,50.0
317.0,sara,30.0,lille,france,sales,3500.0,unknown,60.0
380.0,lina,27.0,lyon,fra,it,3000.0,unknown,40.0
237.0,nadia,22.0,paris,unknown,sales,4000.0,user@gmail.com,30.0
403.0,karim,25.0,unknown,france,sales,3500.0,user@gmail.com,50.0
unknown,unknown,22.0,paris,unknown,hr,2500.0,user@gmail.com,70.0
1824.0,youssef,25.0,lyon,france,unknown,4000.0,test@yahoo.com,90.0
1825.0,fatima,27.0,unknown,unknown,unknown,4000.0,invalid-email,30.0
1827.0,omar,27.0,lyon,fra,unknown,1800.0,contact@outlook.com,30.0
unknown,lina,25.0,paris,fr,unknown,2000.0,user@gmail.com,60.0
1832.0,nadia,29.0,lille,france,it,3000.0,user@gmail.com,50.0
230.0,mohamed,23.0,lyon,unknown,hr,3500.0,user@gmail.com,40.0
unknown,ali,25.0,marseille,unknown,unknown,3000.0,test@yahoo.com,50.0
1837.0,youssef,25.0,paris,unknown,finance,3000.0,unknown,40.0
404.0,karim,25.0,paris,fr,marketing,2500.0,test@yahoo.com,10.0
unknown,mohamed,29.0,lille,fr,sales,3000.0,invalid-email,40.0
unknown,nadia,24.0,paris,unknown,hr,3500.0,user@gmail.com,10.0
1845.0,,21.0,paris,france,sales,3000.0,test@yahoo.com,40.0
1847.0,omar,26.0,unknown,fra,hr,3000.0,user@gmail.com,40.0
1848.0,sara,25.0,lyon,france,finance,1800.0,unknown,90.0
1849.0,ali,25.0,lyon,fra,it,1800.0,test@yahoo.com,40.0
1850.0,unknown,22.0,lille,fr,it,4000.0,unknown,70.0
unknown,mohamed,24.0,lille,france,sales,3000.0,user@gmail.com,40.0
1852.0,fatima,23.0,unknown,fra,it,3500.0,unknown,100.0
451.0,omar,25.0,paris,fra,finance,2200.0,unknown,50.0
unknown,youssef,24.0,lille,fr,unknown,4000.0,test@yahoo.com,40.0
unknown,youssef,25.0,lyon,fr,marketing,4000.0,user@gmail.com,50.0
1857.0,karim,25.0,paris,unknown,finance,2500.0,unknown,50.0
unknown,unknown,25.0,lyon,france,unknown,1800.0,contact@outlook.com,40.0
unknown,sara,20.0,paris,unknown,it,1800.0,contact@outlook.com,50.0
227.0,sara,29.0,paris,france,it,3500.0,test@yahoo.com,40.0
1865.0,youssef,22.0,lyon,fra,finance,2000.0,unknown,50.0
1866.0,unknown,27.0,paris,france,sales,2000.0,unknown,80.0
unknown,mohamed,23.0,paris,fra,sales,1800.0,user@gmail.com,70.0
1872.0,sara,25.0,paris,fr,it,2000.0,unknown,80.0
unknown,ali,25.0,marseille,france,sales,3500.0,invalid-email,50.0
1875.0,unknown,30.0,lille,unknown,unknown,4000.0,contact@outlook.com,20.0
1877.0,lina,28.0,unknown,france,it,3000.0,unknown,50.0
unknown,mohamed,25.0,lyon,unknown,sales,2000.0,invalid-email,90.0
1879.0,omar,21.0,unknown,france,marketing,3000.0,unknown,50.0
unknown,sara,25.0,marseille,fra,sales,3500.0,unknown,50.0
unknown,unknown,26.0,lille,unknown,sales,2500.0,unknown,50.0
unknown,mohamed,21.0,lyon,unknown,unknown,2200.0,unknown,40.0
1883.0,unknown,25.0,lille,france,unknown,2200.0,user@gmail.com,50.0
123.0,youssef,25.0,lyon,unknown,sales,2500.0,user@gmail.com,10.0
1885.0,fatima,22.0,unknown,france,sales,3000.0,invalid-email,70.0
483.0,ali,26.0,paris,unknown,marketing,3500.0,invalid-email,40.0
unknown,unknown,25.0,unknown,fra,it,4000.0,user@gmail.com,50.0
1890.0,nadia,24.0,lille,france,sales,2500.0,unknown,50.0
1891.0,nadia,26.0,marseille,france,unknown,1800.0,contact@outlook.com,90.0
unknown,unknown,27.0,lyon,unknown,sales,2000.0,user@gmail.com,30.0
unknown,mohamed,20.0,lille,fra,sales,3000.0,test@yahoo.com,50.0
unknown,karim,25.0,lille,unknown,it,3000.0,unknown,50.0
264.0,mohamed,27.0,lyon,france,it,3000.0,unknown,70.0
unknown,mohamed,30.0,paris,fra,it,3000.0,test@yahoo.com,60.0
1901.0,youssef,26.0,lille,unknown,sales,2000.0,user@gmail.com,50.0
unknown,lina,27.0,marseille,unknown,finance,2200.0,user@gmail.com,30.0
unknown,mohamed,30.0,lyon,fra,unknown,3500.0,unknown,80.0
unknown,mohamed,29.0,marseille,france,unknown,1800.0,test@yahoo.com,30.0
1905.0,sara,25.0,marseille,france,it,1800.0,unknown,10.0
unknown,ali,24.0,unknown,unknown,it,3000.0,test@yahoo.com,40.0
88.0,omar,30.0,unknown,unknown,sales,2200.0,unknown,90.0
1909.0,nadia,28.0,paris,unknown,hr,2500.0,unknown,70.0
399.0,ali,23.0,unknown,unknown,it,4000.0,invalid-email,40.0
1912.0,nadia,29.0,lille,fra,hr,2500.0,unknown,50.0
1913.0,karim,29.0,paris,fra,sales,3000.0,user@gmail.com,50.0
250.0,omar,28.0,,unknown,sales,3000.0,unknown,50.0
447.0,amina,28.0,lyon,fr,it,2500.0,unknown,60.0
497.0,fatima,25.0,marseille,unknown,sales,3000.0,contact@outlook.com,70.0
unknown,fatima,25.0,,france,marketing,2500.0,unknown,60.0
unknown,omar,25.0,lyon,fra,unknown,2200.0,user@gmail.com,50.0
448.0,ali,23.0,lyon,unknown,it,2200.0,unknown,80.0
1923.0,karim,27.0,lyon,unknown,unknown,3000.0,contact@outlook.com,50.0
1924.0,youssef,21.0,marseille,unknown,sales,1800.0,user@gmail.com,50.0
478.0,,27.0,lille,unknown,marketing,3000.0,unknown,40.0
1927.0,mohamed,21.0,marseille,france,it,2000.0,contact@outlook.com,90.0
274.0,mohamed,25.0,paris,unknown,sales,2500.0,user@gmail.com,100.0
1929.0,sara,25.0,unknown,unknown,marketing,3000.0,invalid-email,40.0
unknown,amina,29.0,lyon,unknown,it,2500.0,test@yahoo.com,90.0
299.0,mohamed,23.0,paris,fra,finance,3000.0,unknown,30.0
unknown,sara,29.0,lyon,fra,sales,2000.0,test@yahoo.com,70.0
1933.0,nadia,29.0,paris,france,finance,3000.0,user@gmail.com,40.0
343.0,karim,29.0,unknown,fra,unknown,2500.0,test@yahoo.com,20.0
391.0,fatima,30.0,lille,fra,unknown,3500.0,contact@outlook.com,80.0
unknown,karim,25.0,lille,unknown,finance,3500.0,test@yahoo.com,20.0
unknown,ali,26.0,paris,fra,finance,2500.0,contact@outlook.com,70.0
1939.0,sara,24.0,lyon,fra,unknown,1800.0,unknown,40.0
unknown,sara,27.0,paris,fra,it,3500.0,invalid-email,80.0
unknown,nadia,26.0,paris,fra,marketing,3500.0,test@yahoo.com,60.0
439.0,youssef,25.0,paris,france,sales,3000.0,test@yahoo.com,20.0
1946.0,amina,20.0,unknown,unknown,hr,3000.0,unknown,70.0
1947.0,fatima,20.0,lyon,unknown,sales,2000.0,user@gmail.com,50.0
unknown,unknown,20.0,marseille,france,hr,1800.0,invalid-email,30.0
unknown,unknown,25.0,unknown,fr,unknown,2500.0,invalid-email,50.0
unknown,fatima,22.0,unknown,unknown,it,2000.0,invalid-email,10.0
147.0,omar,25.0,lille,unknown,sales,3000.0,unknown,70.0
unknown,unknown,27.0,paris,france,finance,2000.0,unknown,50.0
unknown,unknown,26.0,marseille,fra,marketing,3500.0,user@gmail.com,80.0
unknown,nadia,25.0,lyon,fra,hr,4000.0,user@gmail.com,30.0
unknown,unknown,21.0,lyon,fr,it,3500.0,invalid-email,50.0
446.0,sara,29.0,lyon,fr,unknown,3000.0,invalid-email,80.0
34.0,lina,23.0,lyon,unknown,hr,1800.0,user@gmail.com,50.0
unknown,sara,25.0,unknown,unknown,sales,2200.0,invalid-email,50.0
365.0,sara,25.0,unknown,fr,hr,2200.0,test@yahoo.com,100.0
196.0,karim,23.0,paris,france,marketing,1800.0,test@yahoo.com,70.0
unknown,lina,25.0,lille,fr,,3000.0,unknown,50.0
1974.0,fatima,25.0,paris,fra,unknown,3000.0,contact@outlook.com,50.0
unknown,karim,20.0,unknown,fr,marketing,2000.0,test@yahoo.com,40.0
unknown,karim,26.0,,fr,marketing,2000.0,test@yahoo.com,100.0
unknown,sara,25.0,marseille,france,sales,4000.0,invalid-email,70.0
306.0,amina,26.0,paris,france,sales,2000.0,unknown,30.0
276.0,nadia,21.0,unknown,france,it,1800.0,invalid-email,10.0
84.0,lina,21.0,paris,unknown,sales,1800.0,unknown,40.0
unknown,youssef,22.0,paris,fra,marketing,2200.0,unknown,50.0
1987.0,nadia,29.0,lyon,unknown,marketing,1800.0,invalid-email,60.0
1988.0,sara,27.0,lille,fr,unknown,3000.0,contact@outlook.com,50.0
417.0,karim,25.0,lyon,fr,it,2500.0,test@yahoo.com,30.0
1990.0,ali,21.0,paris,unknown,sales,2200.0,user@gmail.com,30.0
107.0,ali,20.0,marseille,france,sales,2500.0,contact@outlook.com,10.0
1996.0,unknown,25.0,paris,fr,sales,2000.0,invalid-email,30.0
1997.0,fatima,28.0,unknown,fra,marketing,2500.0,unknown,70.0
1998.0,ali,25.0,marseille,unknown,it,3500.0,user@gmail.com,80.0
unknown,fatima,23.0,paris,fr,unknown,3000.0,unknown,90.0
unknown,mohamed,27.0,paris,fr,it,1800.0,invalid-email,50.0
2002.0,nadia,25.0,marseille,fra,finance,3500.0,unknown,80.0
135.0,unknown,30.0,paris,france,marketing,4000.0,contact@outlook.com,90.0
2004.0,fatima,25.0,lille,france,sales,1800.0,invalid-email,20.0
410.0,omar,25.0,lille,fra,it,3000.0,unknown,50.0
unknown,ali,21.0,paris,france,sales,1800.0,test@yahoo.com,50.0
394.0,mohamed,21.0,lille,fr,sales,3000.0,unknown,90.0
2014.0,omar,24.0,paris,unknown,sales,2000.0,test@yahoo.com,60.0
unknown,unknown,20.0,marseille,fra,sales,2200.0,user@gmail.com,90.0
2021.0,amina,22.0,lille,fra,,3000.0,unknown,60.0
unknown,mohamed,20.0,unknown,fr,finance,3000.0,unknown,70.0
78.0,lina,25.0,marseille,france,unknown,3500.0,user@gmail.com,50.0
378.0,karim,20.0,paris,fr,it,2200.0,unknown,30.0
unknown,amina,29.0,paris,fr,sales,2000.0,contact@outlook.com,60.0
2027.0,mohamed,29.0,lyon,unknown,sales,2500.0,user@gmail.com,50.0
unknown,ali,24.0,paris,fra,it,3000.0,invalid-email,50.0
21.0,mohamed,25.0,marseille,unknown,sales,3000.0,test@yahoo.com,90.0
unknown,mohamed,22.0,unknown,unknown,finance,4000.0,user@gmail.com,90.0
448.0,amina,25.0,lyon,fra,unknown,2500.0,user@gmail.com,40.0
unknown,karim,23.0,lille,fr,it,2200.0,invalid-email,70.0
2038.0,unknown,30.0,unknown,france,finance,2200.0,unknown,40.0
unknown,ali,25.0,paris,unknown,sales,2200.0,test@yahoo.com,20.0
2040.0,ali,23.0,paris,unknown,it,4000.0,user@gmail.com,40.0
2041.0,mohamed,25.0,unknown,france,it,3500.0,invalid-email,50.0
unknown,youssef,27.0,unknown,france,hr,2500.0,invalid-email,40.0
unknown,unknown,30.0,lyon,fra,unknown,3000.0,invalid-email,50.0
1.0,nadia,22.0,paris,france,unknown,3000.0,contact@outlook.com,70.0
2048.0,ali,27.0,marseille,france,unknown,3000.0,unknown,20.0
unknown,lina,28.0,lyon,unknown,sales,3000.0,unknown,50.0
unknown,karim,20.0,paris,unknown,sales,2500.0,contact@outlook.com,50.0
unknown,unknown,28.0,,unknown,unknown,2200.0,unknown,90.0
2052.0,ali,25.0,lille,fra,it,1800.0,invalid-email,30.0
2055.0,unknown,25.0,marseille,fra,finance,3000.0,contact@outlook.com,40.0
unknown,ali,25.0,paris,france,hr,2500.0,invalid-email,10.0
2058.0,fatima,25.0,paris,france,marketing,1800.0,unknown,20.0
unknown,amina,27.0,lyon,france,it,2500.0,unknown,20.0
412.0,mohamed,29.0,lille,unknown,finance,1800.0,invalid-email,50.0
unknown,amina,23.0,unknown,fr,it,4000.0,unknown,60.0
2065.0,youssef,27.0,paris,unknown,unknown,2500.0,unknown,10.0
2067.0,nadia,26.0,paris,france,it,1800.0,unknown,50.0
431.0,sara,21.0,paris,france,sales,2200.0,invalid-email,70.0
110.0,karim,22.0,unknown,fra,marketing,3500.0,contact@outlook.com,40.0
unknown,mohamed,25.0,paris,france,sales,3000.0,invalid-email,90.0
2073.0,unknown,29.0,paris,unknown,hr,1800.0,test@yahoo.com,50.0
2074.0,omar,27.0,marseille,unknown,hr,1800.0,unknown,90.0
unknown,sara,25.0,lille,unknown,sales,3000.0,contact@outlook.com,90.0
377.0,nadia,22.0,unknown,fr,it,1800.0,user@gmail.com,10.0
2080.0,mohamed,30.0,paris,unknown,it,2000.0,contact@outlook.com,50.0
2085.0,mohamed,22.0,lyon,unknown,it,3500.0,invalid-email,10.0
259.0,nadia,20.0,paris,unknown,it,1800.0,unknown,40.0
193.0,ali,25.0,paris,fr,unknown,3000.0,unknown,70.0
unknown,sara,23.0,marseille,france,marketing,3000.0,test@yahoo.com,60.0
unknown,nadia,20.0,marseille,france,finance,4000.0,unknown,100.0
285.0,amina,25.0,paris,unknown,unknown,2200.0,test@yahoo.com,10.0
2092.0,unknown,21.0,marseille,fr,unknown,2000.0,unknown,50.0
2.0,ali,25.0,lyon,unknown,hr,3000.0,invalid-email,40.0
2094.0,karim,25.0,lyon,unknown,sales,4000.0,contact@outlook.com,30.0
unknown,ali,25.0,lyon,fra,marketing,2200.0,user@gmail.com,70.0
unknown,mohamed,25.0,lille,fra,finance,2000.0,contact@outlook.com,50.0
42.0,unknown,20.0,marseille,fr,sales,2200.0,contact@outlook.com,60.0
unknown,ali,20.0,lyon,france,finance,2500.0,test@yahoo.com,60.0
unknown,youssef,29.0,marseille,unknown,sales,4000.0,unknown,50.0
2108.0,karim,30.0,marseille,france,it,4000.0,user@gmail.com,20.0
unknown,unknown,26.0,lille,unknown,unknown,1800.0,user@gmail.com,40.0
unknown,omar,20.0,lyon,unknown,sales,3500.0,invalid-email,50.0
254.0,sara,24.0,unknown,france,sales,1800.0,unknown,40.0
200.0,amina,25.0,marseille,france,it,2000.0,contact@outlook.com,20.0
2115.0,unknown,28.0,unknown,unknown,marketing,2000.0,unknown,40.0
unknown,mohamed,23.0,unknown,unknown,unknown,2200.0,user@gmail.com,80.0
140.0,lina,26.0,paris,france,marketing,1800.0,unknown,50.0
2119.0,omar,28.0,marseille,unknown,it,3500.0,unknown,50.0
2121.0,sara,25.0,paris,fra,it,1800.0,test@yahoo.com,10.0
2124.0,unknown,26.0,lille,unknown,hr,4000.0,unknown,80.0
unknown,ali,21.0,lyon,fr,unknown,1800.0,unknown,50.0
2128.0,fatima,30.0,marseille,unknown,sales,1800.0,user@gmail.com,60.0
unknown,sara,20.0,,france,unknown,3500.0,unknown,50.0
33.0,youssef,29.0,paris,france,unknown,3000.0,unknown,30.0
unknown,youssef,25.0,lille,unknown,unknown,2000.0,unknown,30.0
274.0,amina,26.0,unknown,unknown,finance,2200.0,contact@outlook.com,20.0
2134.0,mohamed,28.0,lyon,unknown,finance,2200.0,test@yahoo.com,30.0
2137.0,ali,27.0,paris,unknown,finance,3000.0,unknown,40.0
unknown,mohamed,20.0,lyon,france,it,4000.0,unknown,30.0
unknown,amina,29.0,marseille,fr,it,3000.0,test@yahoo.com,100.0
390.0,omar,30.0,paris,fra,marketing,2000.0,unknown,100.0
193.0,karim,30.0,paris,france,it,3000.0,invalid-email,70.0
unknown,unknown,30.0,paris,france,unknown,3500.0,unknown,50.0
61.0,unknown,23.0,lyon,fra,unknown,2200.0,test@yahoo.com,50.0
395.0,unknown,28.0,lyon,unknown,it,1800.0,test@yahoo.com,50.0
2146.0,ali,30.0,lille,fra,sales,4000.0,user@gmail.com,20.0
2148.0,karim,28.0,paris,unknown,marketing,2000.0,contact@outlook.com,100.0
143.0,ali,27.0,lille,fra,marketing,4000.0,test@yahoo.com,50.0
2153.0,sara,25.0,lille,unknown,unknown,4000.0,user@gmail.com,100.0
unknown,sara,25.0,lyon,france,sales,3000.0,unknown,50.0
2155.0,fatima,23.0,lille,france,sales,2200.0,contact@outlook.com,50.0
2156.0,fatima,25.0,marseille,france,unknown,3000.0,user@gmail.com,10.0
2157.0,ali,21.0,paris,unknown,hr,1800.0,invalid-email,40.0
384.0,fatima,25.0,lille,unknown,it,2200.0,invalid-email,90.0
293.0,karim,21.0,lyon,france,unknown,2000.0,unknown,50.0
157.0,amina,20.0,paris,unknown,it,1800.0,test@yahoo.com,70.0
unknown,ali,25.0,paris,fra,marketing,3000.0,user@gmail.com,80.0
unknown,youssef,25.0,paris,fra,unknown,3000.0,user@gmail.com,80.0
379.0,ali,28.0,paris,france,sales,1800.0,test@yahoo.com,20.0
449.0,,25.0,unknown,unknown,hr,2000.0,unknown,50.0
2166.0,mohamed,26.0,lyon,unknown,finance,2000.0,unknown,90.0
2169.0,karim,25.0,lille,france,sales,3000.0,test@yahoo.com,50.0
7.0,mohamed,20.0,marseille,unknown,hr,2000.0,unknown,30.0
2171.0,ali,25.0,marseille,unknown,hr,2000.0,invalid-email,50.0
unknown,amina,28.0,lyon,unknown,it,2200.0,test@yahoo.com,60.0
2176.0,amina,25.0,lyon,unknown,unknown,4000.0,unknown,50.0
unknown,omar,30.0,paris,unknown,sales,3000.0,contact@outlook.com,50.0
unknown,nadia,25.0,paris,unknown,unknown,2000.0,contact@outlook.com,40.0
unknown,karim,27.0,marseille,fra,finance,3000.0,unknown,10.0
unknown,omar,25.0,unknown,unknown,it,4000.0,unknown,50.0
unknown,mohamed,25.0,marseille,fr,marketing,3000.0,test@yahoo.com,70.0
unknown,karim,23.0,paris,fr,marketing,2200.0,unknown,50.0
2189.0,ali,28.0,unknown,fr,sales,2500.0,test@yahoo.com,100.0
272.0,sara,27.0,paris,fr,sales,2200.0,unknown,70.0
unknown,sara,28.0,marseille,fr,it,1800.0,unknown,90.0
2196.0,unknown,27.0,unknown,fra,hr,1800.0,test@yahoo.com,50.0
unknown,fatima,24.0,paris,france,it,2500.0,invalid-email,20.0
166.0,nadia,21.0,marseille,fr,finance,2000.0,test@yahoo.com,30.0
unknown,unknown,23.0,marseille,fra,unknown,2000.0,test@yahoo.com,70.0
2201.0,ali,25.0,marseille,france,unknown,4000.0,unknown,20.0
2204.0,,25.0,lille,fra,sales,1800.0,contact@outlook.com,50.0
unknown,karim,25.0,lille,unknown,unknown,3000.0,contact@outlook.com,30.0
70.0,sara,25.0,lille,fr,marketing,3000.0,unknown,50.0
301.0,lina,25.0,marseille,unknown,marketing,2200.0,unknown,50.0
unknown,unknown,21.0,paris,unknown,sales,3500.0,user@gmail.com,10.0
2210.0,mohamed,30.0,paris,fr,it,2000.0,test@yahoo.com,60.0
174.0,ali,28.0,lyon,unknown,sales,3000.0,unknown,50.0
51.0,youssef,24.0,lille,unknown,sales,4000.0,unknown,50.0
329.0,mohamed,25.0,paris,france,it,3000.0,unknown,30.0
2216.0,sara,22.0,lyon,france,hr,2500.0,unknown,50.0
84.0,karim,28.0,paris,unknown,unknown,2200.0,test@yahoo.com,80.0
unknown,ali,25.0,paris,unknown,sales,3000.0,unknown,80.0
unknown,omar,23.0,paris,fra,it,3000.0,test@yahoo.com,80.0
unknown,sara,23.0,unknown,unknown,hr,1800.0,contact@outlook.com,30.0
unknown,amina,29.0,lyon,unknown,sales,2200.0,user@gmail.com,70.0
409.0,ali,25.0,unknown,france,marketing,2500.0,unknown,30.0
unknown,unknown,27.0,lyon,france,sales,3000.0,test@yahoo.com,100.0
170.0,unknown,24.0,unknown,fra,sales,2200.0,invalid-email,100.0
2231.0,mohamed,29.0,paris,fra,sales,2200.0,user@gmail.com,40.0
unknown,nadia,25.0,lille,fra,sales,2500.0,invalid-email,60.0
unknown,omar,28.0,lyon,france,hr,1800.0,unknown,20.0
68.0,karim,25.0,paris,unknown,finance,2200.0,user@gmail.com,50.0
unknown,nadia,29.0,unknown,fra,unknown,3000.0,unknown,100.0
224.0,ali,23.0,marseille,unknown,unknown,3500.0,test@yahoo.com,50.0
273.0,unknown,20.0,paris,france,it,3000.0,contact@outlook.com,70.0
unknown,amina,25.0,marseille,unknown,it,2000.0,contact@outlook.com,80.0
212.0,sara,23.0,unknown,unknown,unknown,2000.0,unknown,30.0
2243.0,ali,22.0,paris,france,finance,2200.0,user@gmail.com,50.0
unknown,nadia,26.0,lille,unknown,hr,1800.0,user@gmail.com,50.0
unknown,sara,21.0,paris,fra,sales,2000.0,test@yahoo.com,10.0
unknown,sara,22.0,lyon,france,sales,2000.0,contact@outlook.com,50.0
unknown,karim,30.0,lille,france,it,1800.0,unknown,60.0
2254.0,youssef,23.0,marseille,fr,unknown,3500.0,unknown,70.0
unknown,ali,26.0,lyon,france,hr,3000.0,unknown,20.0
175.0,youssef,25.0,paris,unknown,it,2500.0,unknown,50.0
2260.0,ali,21.0,paris,unknown,it,4000.0,invalid-email,50.0
327.0,lina,26.0,lyon,unknown,sales,3500.0,invalid-email,50.0
398.0,lina,24.0,marseille,france,finance,3000.0,invalid-email,20.0
70.0,nadia,26.0,paris,france,it,3000.0,user@gmail.com,20.0
unknown,sara,20.0,lyon,france,sales,3000.0,test@yahoo.com,80.0
204.0,mohamed,21.0,lille,france,sales,3000.0,user@gmail.com,10.0
2266.0,mohamed,25.0,unknown,fr,unknown,2000.0,test@yahoo.com,10.0
unknown,sara,25.0,paris,fra,sales,2500.0,unknown,70.0
2268.0,fatima,20.0,lille,unknown,finance,3500.0,user@gmail.com,50.0
unknown,youssef,27.0,lyon,france,sales,2200.0,user@gmail.com,40.0
2270.0,amina,26.0,paris,fr,unknown,3000.0,unknown,80.0
unknown,karim,29.0,lyon,fra,it,2500.0,user@gmail.com,10.0
2272.0,ali,25.0,lyon,unknown,sales,2200.0,invalid-email,70.0
2274.0,sara,25.0,lille,france,it,1800.0,contact@outlook.com,70.0
25.0,amina,27.0,unknown,fra,sales,3000.0,user@gmail.com,50.0
unknown,ali,25.0,lyon,unknown,it,3500.0,test@yahoo.com,50.0
33.0,mohamed,22.0,paris,fr,unknown,1800.0,unknown,50.0
2281.0,nadia,29.0,lille,unknown,sales,4000.0,invalid-email,90.0
383.0,sara,26.0,marseille,france,hr,2500.0,invalid-email,10.0
2286.0,omar,27.0,lille,france,sales,2000.0,invalid-email,30.0
unknown,ali,20.0,unknown,unknown,marketing,2000.0,unknown,20.0
300.0,unknown,30.0,lille,france,sales,3000.0,invalid-email,50.0
2291.0,mohamed,25.0,paris,fra,it,3000.0,unknown,40.0
292.0,omar,25.0,lille,france,unknown,2200.0,user@gmail.com,10.0
2294.0,karim,29.0,paris,fr,sales,2000.0,unknown,20.0
unknown,ali,24.0,paris,unknown,it,2500.0,unknown,50.0
2298.0,mohamed,29.0,marseille,france,it,4000.0,user@gmail.com,90.0
2299.0,mohamed,27.0,lyon,unknown,unknown,3000.0,test@yahoo.com,50.0
193.0,sara,25.0,lille,unknown,sales,2200.0,contact@outlook.com,10.0
unknown,unknown,26.0,unknown,fr,sales,4000.0,unknown,50.0
unknown,karim,20.0,lyon,fra,unknown,3000.0,test@yahoo.com,80.0
2303.0,omar,25.0,paris,fra,hr,2200.0,contact@outlook.com,50.0
unknown,karim,24.0,lille,unknown,hr,1800.0,unknown,50.0
2305.0,youssef,28.0,marseille,unknown,unknown,2500.0,unknown,70.0
unknown,unknown,21.0,paris,fr,sales,2500.0,user@gmail.com,50.0
2308.0,lina,30.0,unknown,unknown,hr,2500.0,unknown,20.0
2309.0,nadia,25.0,marseille,france,it,2200.0,test@yahoo.com,50.0
unknown,omar,21.0,marseille,fr,it,2200.0,contact@outlook.com,50.0
154.0,mohamed,24.0,paris,unknown,sales,4000.0,contact@outlook.com,10.0
2312.0,sara,24.0,lyon,france,sales,4000.0,user@gmail.com,50.0
unknown,ali,20.0,lille,unknown,it,4000.0,invalid-email,90.0
2315.0,youssef,21.0,lille,fr,sales,3000.0,user@gmail.com,40.0
429.0,amina,22.0,marseille,unknown,sales,3000.0,unknown,100.0
unknown,karim,29.0,lyon,unknown,sales,3500.0,contact@outlook.com,50.0
36.0,sara,26.0,unknown,unknown,it,2500.0,unknown,50.0
unknown,mohamed,26.0,lyon,fra,it,2500.0,invalid-email,50.0
unknown,youssef,22.0,paris,fr,sales,4000.0,unknown,50.0
404.0,youssef,22.0,paris,fr,it,4000.0,contact@outlook.com,50.0
unknown,mohamed,29.0,paris,fra,hr,2500.0,contact@outlook.com,50.0
207.0,mohamed,22.0,unknown,france,sales,3500.0,unknown,10.0
55.0,ali,25.0,unknown,unknown,it,2500.0,user@gmail.com,50.0
unknown,karim,22.0,paris,france,hr,2200.0,contact@outlook.com,50.0
408.0,karim,27.0,unknown,fra,marketing,4000.0,test@yahoo.com,60.0
2334.0,karim,20.0,paris,france,hr,3000.0,unknown,20.0
unknown,unknown,24.0,lille,unknown,sales,1800.0,user@gmail.com,90.0
2338.0,sara,26.0,lyon,france,sales,2000.0,test@yahoo.com,20.0
86.0,youssef,28.0,paris,fr,hr,2000.0,unknown,50.0
2342.0,omar,25.0,lyon,fr,marketing,1800.0,user@gmail.com,70.0
130.0,ali,25.0,lyon,unknown,unknown,3500.0,unknown,40.0
2344.0,sara,22.0,lyon,france,unknown,3000.0,unknown,50.0
unknown,ali,25.0,paris,unknown,sales,2500.0,user@gmail.com,60.0
unknown,fatima,20.0,marseille,unknown,finance,3500.0,unknown,90.0
2350.0,youssef,29.0,lyon,fr,finance,3000.0,user@gmail.com,50.0
2352.0,unknown,26.0,marseille,france,marketing,3000.0,contact@outlook.com,60.0
133.0,karim,20.0,lille,france,unknown,3500.0,unknown,80.0
unknown,ali,25.0,lyon,unknown,sales,2200.0,unknown,90.0
unknown,omar,28.0,paris,unknown,it,3000.0,contact@outlook.com,100.0
2360.0,unknown,28.0,unknown,france,unknown,2200.0,unknown,40.0
2363.0,sara,20.0,paris,france,hr,2500.0,test@yahoo.com,10.0
unknown,omar,26.0,lille,fra,sales,2000.0,user@gmail.com,90.0
158.0,unknown,29.0,marseille,unknown,sales,1800.0,user@gmail.com,50.0
2370.0,nadia,25.0,marseille,france,it,3500.0,contact@outlook.com,50.0
unknown,karim,26.0,lyon,france,sales,1800.0,unknown,60.0
51.0,amina,25.0,unknown,fr,unknown,1800.0,unknown,10.0
unknown,mohamed,23.0,marseille,fra,unknown,2500.0,contact@outlook.com,30.0
unknown,sara,29.0,unknown,unknown,sales,2200.0,invalid-email,80.0
2377.0,omar,23.0,lille,fra,unknown,3000.0,unknown,100.0
459.0,ali,25.0,unknown,france,hr,1800.0,user@gmail.com,70.0
2382.0,youssef,21.0,lille,france,it,2200.0,user@gmail.com,80.0
unknown,omar,22.0,lyon,france,sales,2200.0,invalid-email,30.0
451.0,sara,25.0,marseille,fr,hr,2000.0,unknown,50.0
2390.0,ali,26.0,lyon,unknown,it,4000.0,contact@outlook.com,80.0
2391.0,unknown,22.0,lyon,fra,hr,3000.0,test@yahoo.com,100.0
unknown,,25.0,lyon,france,it,2000.0,invalid-email,50.0
unknown,mohamed,22.0,lyon,unknown,unknown,2500.0,user@gmail.com,70.0
37.0,,28.0,marseille,france,unknown,2000.0,user@gmail.com,60.0
91.0,,25.0,paris,unknown,sales,3500.0,test@yahoo.com,20.0
unknown,unknown,30.0,paris,unknown,marketing,3000.0,unknown,50.0
2402.0,karim,25.0,paris,unknown,unknown,2200.0,invalid-email,50.0
unknown,sara,23.0,paris,france,marketing,3500.0,user@gmail.com,60.0
unknown,ali,29.0,marseille,france,hr,2000.0,invalid-email,40.0
unknown,lina,27.0,lyon,unknown,finance,3500.0,test@yahoo.com,90.0
unknown,fatima,25.0,lyon,fr,unknown,3000.0,test@yahoo.com,50.0
2408.0,lina,25.0,lyon,fra,marketing,4000.0,test@yahoo.com,10.0
169.0,ali,27.0,lille,fr,it,4000.0,contact@outlook.com,100.0
2412.0,ali,29.0,paris,france,sales,2000.0,user@gmail.com,50.0
259.0,sara,29.0,unknown,france,hr,3500.0,contact@outlook.com,80.0
349.0,ali,30.0,paris,france,it,4000.0,unknown,60.0
2416.0,mohamed,27.0,marseille,unknown,it,1800.0,user@gmail.com,70.0
unknown,unknown,20.0,paris,fr,sales,3500.0,test@yahoo.com,50.0
2421.0,ali,20.0,marseille,fr,finance,3000.0,unknown,40.0
unknown,sara,20.0,lyon,fr,hr,1800.0,test@yahoo.com,10.0
unknown,sara,25.0,lyon,france,sales,3000.0,contact@outlook.com,100.0
2424.0,fatima,30.0,marseille,unknown,hr,3000.0,contact@outlook.com,50.0
2425.0,unknown,25.0,unknown,unknown,it,2200.0,user@gmail.com,70.0
291.0,youssef,29.0,marseille,france,it,1800.0,invalid-email,80.0
37.0,fatima,26.0,marseille,fr,hr,4000.0,test@yahoo.com,20.0
2433.0,mohamed,23.0,lyon,fr,sales,2000.0,user@gmail.com,50.0
unknown,ali,30.0,marseille,unknown,it,3500.0,test@yahoo.com,50.0
unknown,omar,26.0,lille,fr,finance,1800.0,test@yahoo.com,20.0
196.0,nadia,23.0,paris,unknown,it,3000.0,unknown,80.0
unknown,amina,25.0,marseille,fr,hr,4000.0,user@gmail.com,40.0
2440.0,youssef,27.0,lille,france,hr,1800.0,invalid-email,20.0
410.0,unknown,22.0,lyon,unknown,unknown,1800.0,test@yahoo.com,70.0
2442.0,sara,30.0,,unknown,hr,2000.0,contact@outlook.com,50.0
2444.0,omar,26.0,lyon,unknown,it,3500.0,unknown,20.0
unknown,amina,25.0,lyon,france,unknown,4000.0,unknown,90.0
unknown,nadia,22.0,lille,fr,it,3000.0,user@gmail.com,20.0
2449.0,mohamed,25.0,lille,france,it,1800.0,test@yahoo.com,40.0
unknown,sara,20.0,paris,france,finance,1800.0,contact@outlook.com,50.0
2455.0,fatima,25.0,lyon,france,hr,3000.0,user@gmail.com,60.0
unknown,fatima,25.0,lille,fra,unknown,3500.0,invalid-email,20.0
unknown,omar,25.0,lyon,france,sales,4000.0,test@yahoo.com,100.0
2462.0,sara,26.0,lille,france,unknown,1800.0,contact@outlook.com,90.0
453.0,unknown,26.0,marseille,fra,it,4000.0,test@yahoo.com,70.0
2464.0,sara,29.0,lille,fra,it,3500.0,user@gmail.com,100.0
146.0,youssef,30.0,paris,fra,sales,4000.0,test@yahoo.com,50.0
2466.0,sara,23.0,unknown,fra,it,1800.0,contact@outlook.com,100.0
2467.0,nadia,23.0,paris,france,sales,2200.0,invalid-email,20.0
356.0,youssef,30.0,paris,france,unknown,3000.0,unknown,90.0
376.0,amina,30.0,unknown,france,sales,2200.0,unknown,50.0
unknown,sara,30.0,unknown,unknown,sales,3000.0,test@yahoo.com,90.0
2472.0,unknown,22.0,lyon,fra,hr,3500.0,unknown,60.0
unknown,unknown,25.0,unknown,unknown,unknown,4000.0,user@gmail.com,50.0
unknown,sara,25.0,lyon,unknown,it,2500.0,contact@outlook.com,70.0
2478.0,karim,23.0,lyon,france,sales,2200.0,contact@outlook.com,60.0
unknown,sara,20.0,unknown,fr,marketing,3000.0,user@gmail.com,60.0
94.0,amina,22.0,marseille,fr,sales,4000.0,contact@outlook.com,80.0
2481.0,unknown,23.0,paris,fra,marketing,2200.0,test@yahoo.com,50.0
unknown,sara,24.0,paris,fra,sales,3000.0,user@gmail.com,50.0
unknown,amina,23.0,lyon,france,sales,2000.0,contact@outlook.com,60.0
453.0,fatima,25.0,paris,fra,sales,2500.0,unknown,80.0
unknown,unknown,25.0,paris,france,sales,2000.0,contact@outlook.com,90.0
2487.0,unknown,28.0,lyon,fr,hr,2500.0,contact@outlook.com,50.0
unknown,unknown,22.0,marseille,unknown,unknown,3000.0,contact@outlook.com,50.0
236.0,mohamed,29.0,marseille,fra,it,4000.0,test@yahoo.com,80.0
2492.0,youssef,20.0,unknown,france,it,2200.0,invalid-email,20.0
12.0,lina,30.0,lille,unknown,it,1800.0,user@gmail.com,80.0
unknown,mohamed,25.0,paris,france,marketing,2200.0,contact@outlook.com,50.0
2495.0,sara,26.0,paris,unknown,marketing,2500.0,unknown,50.0
2497.0,karim,29.0,marseille,fr,hr,3000.0,invalid-email,50.0
368.0,amina,25.0,unknown,unknown,finance,2500.0,test@yahoo.com,30.0
unknown,karim,30.0,lyon,unknown,unknown,2500.0,invalid-email,60.0
340.0,mohamed,29.0,,fr,finance,3000.0,unknown,80.0
2299.0,mohamed,27.0,lyon,unknown,,3000.0,test@yahoo.com,50.0
1356.0,fatima,25.0,marseille,fra,,2500.0,invalid-email,20.0
133.0,karim,20.0,lille,france,,3500.0,unknown,80.0
2204.0,unknown,25.0,lille,fra,sales,1800.0,contact@outlook.com,50.0
242.0,fatima,29.0,lille,fra,,1800.0,user@gmail.com,30.0
55.0,ali,25.0,,unknown,it,2500.0,user@gmail.com,50.0
446.0,sara,29.0,lyon,fr,,3000.0,invalid-email,80.0
490.0,lina,21.0,marseille,unknown,,2000.0,contact@outlook.com,80.0
110.0,karim,22.0,,fra,marketing,3500.0,contact@outlook.com,40.0
unknown,amina,25.0,lyon,france,,4000.0,unknown,90.0
